"muniYear","state","muni","year","Winner2","nulos","noreg","muniYear1","total","PAN","PRI","PRD","PAN_PRD"
"18001_2014","18","001",2014,"PRI_PVEM_PNA",383,2,"18001_2014",17307,0,8621,7916,0
"18002_2014","18","002",2014,"PAN",159,1,"18002_2014",8140,3105,3059,0,0
"18003_2014","18","003",2014,"PRI_PVEM_PNA",169,15,"18003_2014",6519,2371,3997,0,0
"18004_2014","18","004",2014,"PRI_PVEM_PNA",1055,31,"18004_2014",28305,12641,12872,0,0
"18005_2014","18","005",2014,"PRI_PVEM_PNA",117,0,"18005_2014",5885,0,3007,2766,0
"18006_2014","18","006",2014,"PRI_PVEM_PNA",345,23,"18006_2014",12920,1587,6313,0,0
"18007_2014","18","007",2014,"PRI_PVEM_PNA",134,8,"18007_2014",9621,3924,5640,0,0
"18008_2014","18","008",2014,"PAN",376,17,"18008_2014",21007,11464,8583,0,0
"18009_2014","18","009",2014,"PRI_PVEM_PNA",477,6,"18009_2014",14502,5337,7497,0,0
"18010_2014","18","010",2014,"PRI_PVEM_PNA",598,5,"18010_2014",17278,4782,8437,0,0
"18011_2014","18","011",2014,"PRI_PVEM_PNA",228,5,"18011_2014",11593,5585,5655,0,0
"18012_2014","18","012",2014,"INDEP",867,20,"18012_2014",18432,3265,6699,0,0
"18013_2014","18","013",2014,"PRI_PVEM_PNA",120,4,"18013_2014",4485,1502,1860,0,0
"18014_2014","18","014",2014,"PRI_PVEM_PNA",399,9,"18014_2014",10348,0,4432,2967,0
"18015_2014","18","015",2014,"PRI_PVEM_PNA",957,21,"18015_2014",43765,0,21603,20350,0
"18016_2014","18","016",2014,"PRI_PVEM_PNA",309,2,"18016_2014",19707,0,10262,8909,0
"18017_2014","18","017",2014,"PAN",3767,169,"18017_2014",146574,81765,57185,0,0
"18018_2014","18","018",2014,"PRI_PVEM_PNA",370,2,"18018_2014",14682,5747,6496,0,0
"18019_2014","18","019",2014,"PRI_PVEM_PNA",123,4,"18019_2014",5308,1592,3541,0,0
"18020_2014","18","020",2014,"PRI_PVEM_PNA",1092,41,"18020_2014",42786,0,16676,15325,0
"03001_2015","03","001",2015,"PAN",2176,201,"03001_2015",73887,31114,9913,24545,0
"03002_2015","03","002",2015,"PAN",13,223,"03002_2015",28947,12818,10037,4975,0
"03003_2015","03","003",2015,"PAN",2878,313,"03003_2015",99819,41286,28226,15458,0
"03008_2015","03","008",2015,"PAN",14,151,"03008_2015",21252,9048,4210,939,0
"03009_2015","03","009",2015,"PAN",113,0,"03009_2015",8205,4807,2807,303,0
"04001_2015","04","001",2015,"Morena",985,NA,"04001_2015",28976,1326,10301,319,0
"04002_2015","04","002",2015,"PAN",339,NA,"04002_2015",11781,5427,5375,290,0
"04003_2015","04","003",2015,"PRI_PVEM",3774,NA,"04003_2015",106994,32574,43571,4394,0
"04004_2015","04","004",2015,"PAN",420,NA,"04004_2015",18906,11982,6294,98,0
"04005_2015","04","005",2015,"PAN",2675,NA,"04005_2015",82770,38239,28588,2505,0
"04006_2015","04","006",2015,"PRI_PVEM",1510,NA,"04006_2015",38047,8500,17613,3212,0
"04007_2015","04","007",2015,"PRI_PVEM",760,NA,"04007_2015",21307,8246,9335,1315,0
"04008_2015","04","008",2015,"PAN",423,NA,"04008_2015",16222,6857,3867,233,0
"04009_2015","04","009",2015,"PRI_PVEM",390,NA,"04009_2015",18407,8080,8827,108,0
"04010_2015","04","010",2015,"PRI_PVEM",79,NA,"04010_2015",6233,2829,3151,18,0
"04011_2015","04","011",2015,"PAN",80,NA,"04011_2015",5453,3130,2275,10,0
"09002_2015","09","002",2015,"Morena",9362,387,"09002_2015",205232,26839,44592,63572,0
"09003_2015","09","003",2015,"PRD_PT",19161,961,"09003_2015",340797,42735,66511,126113,0
"09004_2015","09","004",2015,"PRI_PVEM",3327,244,"09004_2015",106592,18361,45481,25755,0
"09005_2015","09","005",2015,"PRD_PT",25598,1252,"09005_2015",562127,48066,104129,205348,0
"09006_2015","09","006",2015,"PRD",9168,309,"09006_2015",156897,13167,42696,34271,0
"09007_2015","09","007",2015,"PRD_PT_PNA",34226,1078,"09007_2015",861515,34029,105435,422706,0
"09008_2015","09","008",2015,"PRI_PVEM",5353,200,"09008_2015",123540,10142,43364,37912,0
"09009_2015","09","009",2015,"PRI_PVEM",1736,92,"09009_2015",70262,602,31759,14039,0
"09010_2015","09","010",2015,"PRD_PT",17188,607,"09010_2015",332470,41861,74811,112894,0
"09011_2015","09","011",2015,"Morena",5522,142,"09011_2015",135350,6915,28800,36916,0
"09012_2015","09","012",2015,"Morena",15445,588,"09012_2015",294021,35296,55013,99958,0
"09013_2015","09","013",2015,"Morena",7612,297,"09013_2015",143496,9696,42868,17496,0
"09014_2015","09","014",2015,"PAN",12636,622,"09014_2015",188901,63832,40560,27901,0
"09015_2015","09","015",2015,"Morena",13648,801,"09015_2015",267627,23728,66951,84374,0
"09016_2015","09","016",2015,"PAN",7033,329,"09016_2015",186976,46072,22533,80281,0
"09017_2015","09","017",2015,"PRD_PT",9682,373,"09017_2015",241989,12882,37901,114572,0
"07001_2015","07","001",2015,"Mover",196,4,"07001_2015",7779,1789,1212,57,0
"07002_2015","07","002",2015,"Mover",204,0,"07002_2015",10017,0,88,38,0
"07003_2015","07","003",2015,"CU",323,0,"07003_2015",13255,972,805,48,0
"07004_2015","07","004",2015,"PVEM",413,0,"07004_2015",14547,93,6156,259,0
"07005_2015","07","005",2015,"PVEM",281,0,"07005_2015",10409,512,3536,296,0
"07006_2015","07","006",2015,"PRI",452,0,"07006_2015",13885,0,5249,860,0
"07007_2015","07","007",2015,"CU",95,0,"07007_2015",4956,5,1552,232,0
"07008_2015","07","008",2015,"PVEM",444,1,"07008_2015",12057,974,478,592,0
"07009_2015","07","009",2015,"CU",737,0,"07009_2015",18519,827,3011,373,0
"07010_2015","07","010",2015,"PRI",58,0,"07010_2015",2763,10,823,443,0
"07011_2015","07","011",2015,"PVEM",168,7,"07011_2015",9543,9,1534,2912,0
"07012_2015","07","012",2015,"Mover",631,60,"07012_2015",17725,296,3959,619,0
"07013_2015","07","013",2015,"PRI",597,2,"07013_2015",15102,149,6544,3113,0
"07014_2015","07","014",2015,"Mover",407,87,"07014_2015",10529,183,3371,0,0
"07015_2015","07","015",2015,"PVEM",735,2,"07015_2015",20378,141,5970,338,0
"07016_2015","07","016",2015,"PVEM",169,36,"07016_2015",9681,2138,1395,47,0
"07017_2015","07","017",2015,"PRI",0,0,"07017_2015",32970,255,12256,482,0
"07018_2015","07","018",2015,"PRD",75,0,"07018_2015",4351,4,1017,1885,0
"07019_2015","07","019",2015,"PRI",2471,14,"07019_2015",54694,477,29858,442,0
"07020_2015","07","020",2015,"CU",722,236,"07020_2015",20955,0,1614,0,0
"07021_2015","07","021",2015,"PVEM",168,2,"07021_2015",11330,166,3594,0,0
"07022_2015","07","022",2015,"PRI",338,3,"07022_2015",7724,44,2440,1848,0
"07023_2015","07","023",2015,"PVEM",2149,5,"07023_2015",38475,123,10043,118,0
"07024_2015","07","024",2015,"PRI",155,0,"07024_2015",5189,7,1867,1353,0
"07025_2015","07","025",2015,"PT",110,0,"07025_2015",3500,288,131,422,0
"07026_2015","07","026",2015,"PVEM",464,0,"07026_2015",15354,0,6159,478,0
"07027_2015","07","027",2015,"PRI",1499,5,"07027_2015",34902,421,15196,222,0
"07028_2015","07","028",2015,"CU",48,0,"07028_2015",3512,3,1140,7,0
"07029_2015","07","029",2015,"Morena",82,1,"07029_2015",3002,262,39,0,0
"07030_2015","07","030",2015,"PVEM",561,0,"07030_2015",15821,31,1993,128,0
"07031_2015","07","031",2015,"PVEM",2546,3,"07031_2015",47463,89,15804,183,0
"07032_2015","07","032",2015,"PRI",463,0,"07032_2015",12979,59,4584,1049,0
"07033_2015","07","033",2015,"PVEM",57,0,"07033_2015",3650,1055,12,0,0
"07034_2015","07","034",2015,"PRI",1123,2,"07034_2015",29008,68,14617,318,0
"07035_2015","07","035",2015,"PRI",272,95,"07035_2015",6561,511,2544,72,0
"07036_2015","07","036",2015,"PVEM",37,27,"07036_2015",3241,1,1512,0,0
"07037_2015","07","037",2015,"PVEM",482,5,"07037_2015",16643,238,1613,2235,0
"07039_2015","07","039",2015,"PRI",454,5,"07039_2015",12286,0,5620,49,0
"07038_2015","07","038",2015,"PRD",473,2,"07038_2015",9791,28,2149,3432,0
"07040_2015","07","040",2015,"CU",680,4,"07040_2015",20035,701,2378,132,0
"07041_2015","07","041",2015,"PVEM",648,13,"07041_2015",21165,11,108,0,0
"07042_2015","07","042",2015,"PRD",119,1,"07042_2015",5076,0,261,2270,0
"07043_2015","07","043",2015,"PRI",99,0,"07043_2015",5260,179,2692,0,0
"07044_2015","07","044",2015,"PVEM",187,63,"07044_2015",13173,15,63,21,0
"07045_2015","07","045",2015,"PVEM",51,0,"07045_2015",3467,6,1529,1,0
"07046_2015","07","046",2015,"PVEM",638,456,"07046_2015",20705,437,623,383,0
"07047_2015","07","047",2015,"PRI",309,0,"07047_2015",9647,18,4770,1920,0
"07048_2015","07","048",2015,"PVEM",314,31,"07048_2015",9646,93,2095,61,0
"07049_2015","07","049",2015,"PRI",290,0,"07049_2015",10282,0,5844,0,0
"07050_2015","07","050",2015,"CU",63,0,"07050_2015",3700,1157,871,12,0
"07051_2015","07","051",2015,"Mover",549,25,"07051_2015",17368,2636,2173,600,0
"07052_2015","07","052",2015,"PVEM",2904,59,"07052_2015",46505,196,3891,10054,0
"07053_2015","07","053",2015,"PVEM",83,6,"07053_2015",4022,0,1467,503,0
"07054_2015","07","054",2015,"PVEM",190,59,"07054_2015",12345,189,2077,2364,0
"07055_2015","07","055",2015,"PVEM",61,0,"07055_2015",3265,28,433,113,0
"07056_2015","07","056",2015,"PRI",309,5,"07056_2015",3946,0,1544,0,0
"07057_2015","07","057",2015,"CU",1154,2,"07057_2015",27011,67,3613,352,0
"07059_2015","07","059",2015,"PVEM",3679,198,"07059_2015",60807,5466,10061,725,0
"07060_2015","07","060",2015,"PRI",36,1,"07060_2015",5948,4,3072,8,0
"07061_2015","07","061",2015,"MC",1043,9,"07061_2015",37833,2768,3377,4111,0
"07062_2015","07","062",2015,"PRI",197,0,"07062_2015",9489,72,4236,0,0
"07063_2015","07","063",2015,"PVEM",55,0,"07063_2015",2167,608,111,17,0
"07064_2015","07","064",2015,"PVEM",1437,19,"07064_2015",22964,142,1025,575,0
"07065_2015","07","065",2015,"PVEM",1700,3,"07065_2015",43482,202,943,769,0
"07066_2015","07","066",2015,"PRD",261,1,"07066_2015",9238,15,0,3741,0
"07067_2015","07","067",2015,"PAN",158,0,"07067_2015",6100,2859,36,756,0
"07068_2015","07","068",2015,"PVEM",758,4,"07068_2015",13763,94,961,2517,0
"07069_2015","07","069",2015,"PVEM",584,3,"07069_2015",22847,1585,4425,1770,0
"07070_2015","07","070",2015,"CU",172,1,"07070_2015",6263,18,1009,70,0
"07072_2015","07","072",2015,"PRD",352,6,"07072_2015",13109,58,777,5703,0
"07073_2015","07","073",2015,"PVEM",0,0,"07073_2015",4641,8,83,1631,0
"07074_2015","07","074",2015,"PVEM",308,103,"07074_2015",17254,81,2740,938,0
"07075_2015","07","075",2015,"PVEM",592,4,"07075_2015",11531,62,1464,145,0
"07076_2015","07","076",2015,"PVEM",260,1,"07076_2015",14144,15,36,6162,0
"07077_2015","07","077",2015,"PVEM",891,1,"07077_2015",27107,248,1709,7407,0
"07078_2015","07","078",2015,"PVEM",3404,716,"07078_2015",55038,2661,5887,7359,0
"07079_2015","07","079",2015,"Mover",570,63,"07079_2015",17393,390,4311,134,0
"07112_2015","07","112",2015,"PRI",480,0,"07112_2015",15689,88,8896,176,0
"07110_2015","07","110",2015,"PVEM",32,0,"07110_2015",3672,3,1252,329,0
"07080_2015","07","080",2015,"CU",584,5,"07080_2015",16884,439,2836,1815,0
"07081_2015","07","081",2015,"PVEM",474,0,"07081_2015",20784,24,9349,89,0
"07082_2015","07","082",2015,"Mover",73,0,"07082_2015",6728,0,13,0,0
"07083_2015","07","083",2015,"PRI",183,1,"07083_2015",9408,0,4831,0,0
"07084_2015","07","084",2015,"PVEM",102,0,"07084_2015",4387,441,1305,0,0
"07085_2015","07","085",2015,"PRI",98,0,"07085_2015",5296,224,2101,121,0
"07086_2015","07","086",2015,"PVEM",212,100,"07086_2015",11373,1579,784,89,0
"07087_2015","07","087",2015,"PVEM",400,0,"07087_2015",14759,1476,3246,67,0
"07088_2015","07","088",2015,"PNA",30,0,"07088_2015",1523,0,12,0,0
"07089_2015","07","089",2015,"Morena",4093,84,"07089_2015",92841,4337,20796,1711,0
"07090_2015","07","090",2015,"PRD",40,0,"07090_2015",2632,0,1224,1300,0
"07091_2015","07","091",2015,"PVEM",183,1,"07091_2015",5771,59,208,49,0
"07092_2015","07","092",2015,"PVEM",391,0,"07092_2015",10674,29,2504,0,0
"07093_2015","07","093",2015,"PRI",696,0,"07093_2015",18095,31,6641,4244,0
"07094_2015","07","094",2015,"PVEM",777,6,"07094_2015",16842,162,3839,52,0
"07096_2015","07","096",2015,"PVEM",1502,5,"07096_2015",31037,73,10264,2813,0
"07097_2015","07","097",2015,"PVEM",859,30,"07097_2015",34541,1433,9715,844,0
"07098_2015","07","098",2015,"PRD",31,2,"07098_2015",4464,5,5,2351,0
"07099_2015","07","099",2015,"PVEM",1253,118,"07099_2015",39862,148,311,271,0
"07100_2015","07","100",2015,"PVEM",529,4,"07100_2015",16893,26,324,45,0
"07102_2015","07","102",2015,"PVEM",627,0,"07102_2015",18513,1706,3386,2874,0
"07101_2015","07","101",2015,"PAN",5529,169,"07101_2015",161550,65719,15908,2389,0
"07103_2015","07","103",2015,"PRI",372,1,"07103_2015",12631,241,4455,1249,0
"07104_2015","07","104",2015,"PRI",165,9,"07104_2015",8661,12,4449,0,0
"07105_2015","07","105",2015,"PAN",217,8,"07105_2015",7564,2450,817,181,0
"07106_2015","07","106",2015,"PVEM",1514,25,"07106_2015",22726,298,5207,126,0
"07071_2015","07","071",2015,"PVEM",316,1,"07071_2015",13684,171,127,40,0
"07107_2015","07","107",2015,"PVEM",747,15,"07107_2015",27937,123,6562,179,0
"07108_2015","07","108",2015,"Mover",1424,9,"07108_2015",43114,1007,5125,2864,0
"07109_2015","07","109",2015,"PVEM",747,1,"07109_2015",16915,74,5455,0,0
"07111_2015","07","111",2015,"PRI",340,0,"07111_2015",22604,0,14571,54,0
"07113_2015","07","113",2015,"PRI",95,1,"07113_2015",2458,0,1525,0,0
"07114_2015","07","114",2015,"CU",179,0,"07114_2015",7816,152,1638,0,0
"07115_2015","07","115",2015,"PRD",120,0,"07115_2015",5534,0,74,2011,0
"07116_2015","07","116",2015,"PVEM",86,0,"07116_2015",5378,2326,0,0,0
"07117_2015","07","117",2015,"CU",93,0,"07117_2015",4140,62,215,108,0
"07118_2015","07","118",2015,"PVEM",55,1,"07118_2015",2010,0,333,0,0
"07119_2015","07","119",2015,"PVEM",7,0,"07119_2015",1720,0,0,0,0
"07123_2015","07","123",2015,"Mover",96,10,"07123_2015",5589,276,891,7,0
"07124_2015","07","124",2015,"PVEM",310,2,"07124_2015",10035,136,3463,959,0
"07122_2015","07","122",2015,"PT",122,0,"07122_2015",7514,26,1132,34,0
"06001_2015","06","001",2015,"PVEM",500,1,"06001_2015",12353,2385,3158,1641,0
"06002_2015","06","002",2015,"PAN",2207,23,"06002_2015",69638,22851,22739,1353,0
"06003_2015","06","003",2015,"PRI",273,2,"06003_2015",11249,4545,5125,370,0
"06004_2015","06","004",2015,"PAN",185,0,"06004_2015",14111,4992,7515,103,0
"06005_2015","06","005",2015,"PAN",330,1,"06005_2015",18501,7626,8853,1157,0
"06006_2015","06","006",2015,"PRI",107,0,"06006_2015",3701,218,1814,37,0
"06007_2015","06","007",2015,"PAN",1426,13,"06007_2015",91176,39812,42687,630,0
"06008_2015","06","008",2015,"PVEM",119,0,"06008_2015",5323,824,1999,0,0
"06009_2015","06","009",2015,"PAN",946,13,"06009_2015",59974,20358,33112,629,0
"06010_2015","06","010",2015,"PAN",1166,20,"06010_2015",69875,24657,35175,951,0
"12001_2015","12","001",2015,"PRI_PVEM_PNA",15701,272,"12001_2015",416429,46050,167101,142166,0
"12076_2015","12","076",2015,"PRD_PT",455,4,"12076_2015",23651,3637,6876,12947,0
"12002_2015","12","002",2015,"PAN",365,1,"12002_2015",17437,3267,6285,5496,0
"12003_2015","12","003",2015,"PRI_PVEM_PNA",306,0,"12003_2015",29995,153,15033,9321,0
"12004_2015","12","004",2015,"PRD_PT",425,3,"12004_2015",13550,0,5378,6562,0
"12005_2015","12","005",2015,"PRD_PT",127,17,"12005_2015",6532,15,1423,3399,0
"12006_2015","12","006",2015,"PRI_PVEM_PNA",197,2,"12006_2015",8857,11,3096,2237,0
"12007_2015","12","007",2015,"PRI_PVEM_PNA",289,12,"12007_2015",27795,54,14330,12506,0
"12008_2015","12","008",2015,"PRI_PVEM_PNA",106,0,"12008_2015",7230,0,3222,2255,0
"12009_2015","12","009",2015,"PRD_PT",171,1,"12009_2015",3971,11,1300,1394,0
"12010_2015","12","010",2015,"PRD_PT",774,0,"12010_2015",16919,2107,4256,6290,0
"12011_2015","12","011",2015,"PRI_PVEM_PNA",1016,8,"12011_2015",38014,69,16606,14388,0
"12012_2015","12","012",2015,"PRD_PT",1502,1,"12012_2015",41238,292,10217,18290,0
"12013_2015","12","013",2015,"PRD_PT",426,6,"12013_2015",12722,2,2641,7997,0
"12014_2015","12","014",2015,"PRI_PVEM_PNA",268,4,"12014_2015",15656,47,7811,7480,0
"12015_2015","12","015",2015,"PRD_PT",138,1,"12015_2015",11339,1048,3936,4050,0
"12028_2015","12","028",2015,"PRI_PVEM_PNA",2751,492,"12028_2015",81112,673,42495,30278,0
"12029_2015","12","029",2015,"PRI_PVEM_PNA",4274,51,"12029_2015",134133,1083,62860,51768,0
"12016_2015","12","016",2015,"PRI_PVEM_PNA",94,0,"12016_2015",13101,2,3673,5824,0
"12078_2015","12","078",2015,"PRD_PT",409,4,"12078_2015",18039,0,5663,9750,0
"12017_2015","12","017",2015,"PRD_PT",241,0,"12017_2015",12775,26,5472,6493,0
"12018_2015","12","018",2015,"PRI_PVEM_PNA",323,0,"12018_2015",9776,24,4204,2869,0
"12019_2015","12","019",2015,"PRD_PT",318,1,"12019_2015",11340,44,3174,3375,0
"12020_2015","12","020",2015,"PRD_PT",315,0,"12020_2015",15183,54,7440,6416,0
"12021_2015","12","021",2015,"PRI_PVEM_PNA",1282,20,"12021_2015",54733,388,31758,7919,0
"12022_2015","12","022",2015,"PRI_PVEM_PNA",422,8,"12022_2015",39812,162,21604,17459,0
"12023_2015","12","023",2015,"PRI_PVEM_PNA",406,11,"12023_2015",22014,409,10897,9213,0
"12024_2015","12","024",2015,"PRI_PVEM_PNA",162,6,"12024_2015",6884,22,3803,2006,0
"12025_2015","12","025",2015,"PRD_PT",234,0,"12025_2015",14632,0,3142,7583,0
"12026_2015","12","026",2015,"PRI_PVEM_PNA",150,11,"12026_2015",6755,0,3354,1106,0
"12027_2015","12","027",2015,"PRD_PT",188,0,"12027_2015",21692,32,10627,10734,0
"12075_2015","12","075",2015,"PRD_PT",780,3,"12075_2015",34779,86,14831,16280,0
"12030_2015","12","030",2015,"PRI_PVEM_PNA",336,12,"12030_2015",18964,21,7429,9104,0
"12031_2015","12","031",2015,"MC",72,0,"12031_2015",4992,6,510,2565,0
"12032_2015","12","032",2015,"PRI_PVEM_PNA",394,4,"12032_2015",23172,235,18606,3321,0
"12033_2015","12","033",2015,"PRD_PT",260,0,"12033_2015",12708,1192,3073,5641,0
"12034_2015","12","034",2015,"PRI_PVEM_PNA",678,4,"12034_2015",26266,311,12779,6830,0
"12035_2015","12","035",2015,"PRI_PVEM_PNA",2035,40,"12035_2015",76768,701,34635,28015,0
"12036_2015","12","036",2015,"PRI_PVEM_PNA",199,0,"12036_2015",9071,1167,2987,2467,0
"12081_2015","12","081",2015,"PRD_PT",162,2,"12081_2015",7712,42,2152,3237,0
"12037_2015","12","037",2015,"PRI_PVEM_PNA",75,0,"12037_2015",7721,0,4146,3347,0
"12079_2015","12","079",2015,"PRI_PVEM_PNA",407,1,"12079_2015",10166,601,3458,3064,0
"12039_2015","12","039",2015,"PRD_PT",557,0,"12039_2015",16338,2327,1167,7831,0
"12080_2015","12","080",2015,"PRI_PVEM_PNA",241,1,"12080_2015",5339,1402,1467,164,0
"12068_2015","12","068",2015,"PRD_PT",224,2,"12068_2015",29335,27,13005,14844,0
"12040_2015","12","040",2015,"PAN",384,5,"12040_2015",18246,4163,7025,6313,0
"12041_2015","12","041",2015,"PRD_PT",571,0,"12041_2015",18394,85,3054,9063,0
"12077_2015","12","077",2015,"PRI_PVEM_PNA",365,0,"12077_2015",8272,219,2886,480,0
"12042_2015","12","042",2015,"PRI_PVEM_PNA",644,0,"12042_2015",11990,93,4258,3442,0
"12043_2015","12","043",2015,"PRD_PT",606,3,"12043_2015",12646,0,2295,6258,0
"12044_2015","12","044",2015,"PRI_PVEM_PNA",369,0,"12044_2015",9508,35,3752,1096,0
"12045_2015","12","045",2015,"PRI_PVEM_PNA",361,4,"12045_2015",22256,22,12053,9311,0
"12046_2015","12","046",2015,"PRD_PT",1054,24,"12046_2015",50205,315,18400,29924,0
"12047_2015","12","047",2015,"PRI_PVEM_PNA",178,1,"12047_2015",6627,77,3377,1776,0
"12048_2015","12","048",2015,"PRD_PT",518,3,"12048_2015",34778,415,14493,17905,0
"12049_2015","12","049",2015,"PRI_PVEM_PNA",99,1,"12049_2015",10785,2048,5680,884,0
"12050_2015","12","050",2015,"PRI_PVEM_PNA",294,9,"12050_2015",27491,239,12425,12339,0
"12051_2015","12","051",2015,"PRD_PT",734,20,"12051_2015",24441,192,2650,17817,0
"12052_2015","12","052",2015,"MC",805,4,"12052_2015",24047,178,6147,9966,0
"12053_2015","12","053",2015,"PRI_PVEM_PNA",1422,17,"12053_2015",43621,471,22048,13763,0
"12054_2015","12","054",2015,"PRI_PVEM_PNA",230,0,"12054_2015",18191,187,7913,7576,0
"12055_2015","12","055",2015,"PRI_PVEM_PNA",1972,11,"12055_2015",66017,13776,36893,5788,0
"12056_2015","12","056",2015,"PRI_PVEM_PNA",1268,16,"12056_2015",32215,8077,13950,2052,0
"12057_2015","12","057",2015,"PRI_PVEM_PNA",849,11,"12057_2015",46528,85,26730,16337,0
"12058_2015","12","058",2015,"PRD_PT",980,8,"12058_2015",31827,433,2417,19145,0
"12059_2015","12","059",2015,"PRI_PVEM_PNA",565,8,"12059_2015",21015,4288,8400,2814,0
"12060_2015","12","060",2015,"PRI_PVEM_PNA",179,1,"12060_2015",10179,1931,6754,192,0
"12061_2015","12","061",2015,"PRI",0,0,"12061_2015",0,0,0,0,0
"12062_2015","12","062",2015,"PRD_PT",417,5,"12062_2015",14387,1978,4817,3971,0
"12063_2015","12","063",2015,"PRI",208,3,"12063_2015",7306,0,3932,2578,0
"12064_2015","12","064",2015,"PRD_PT",69,1,"12064_2015",12992,9,4316,8182,0
"12065_2015","12","065",2015,"PRD_PT",81,0,"12065_2015",6144,3,2516,2440,0
"12066_2015","12","066",2015,"PRI_PVEM_PNA",1347,31,"12066_2015",40591,79,21859,11361,0
"12067_2015","12","067",2015,"PRD_PT",120,1,"12067_2015",23685,4,10778,12452,0
"12069_2015","12","069",2015,"PRI_PVEM_PNA",212,0,"12069_2015",10591,0,6210,2881,0
"12070_2015","12","070",2015,"PRI_PVEM_PNA",105,0,"12070_2015",7831,9,2829,1861,0
"12071_2015","12","071",2015,"PRI_PVEM_PNA",419,0,"12071_2015",18926,4798,10153,269,0
"12072_2015","12","072",2015,"PRI_PVEM_PNA",238,0,"12072_2015",8394,21,4356,3509,0
"12038_2015","12","038",2015,"PRD_PT",1754,26,"12038_2015",78434,713,30481,38856,0
"12073_2015","12","073",2015,"PRI_PVEM_PNA",213,0,"12073_2015",17600,50,8403,7792,0
"11001_2015","11","001",2015,"PAN",760,3,"11001_2015",32785,12421,8168,573,0
"11002_2015","11","002",2015,"PRD",1540,24,"11002_2015",38324,12362,2072,17158,0
"11003_2015","11","003",2015,"PAN",2241,56,"11003_2015",69869,25477,30408,607,0
"11004_2015","11","004",2015,"PAN",593,3,"11004_2015",24232,9090,3536,1464,0
"11005_2015","11","005",2015,"PAN",793,8,"11005_2015",36608,10569,16947,1194,0
"11006_2015","11","006",2015,"PAN",61,0,"11006_2015",4694,2034,2239,0,0
"11007_2015","11","007",2015,"PAN",4532,116,"11007_2015",191253,62708,80288,3203,0
"11008_2015","11","008",2015,"PAN",382,2,"11008_2015",22041,6326,11926,3318,0
"11009_2015","11","009",2015,"INDEP1",977,9,"11009_2015",26217,6827,5029,3525,0
"11010_2015","11","010",2015,"PRI_PVEM_PNA",178,1,"11010_2015",8916,1867,6024,54,0
"11011_2015","11","011",2015,"PRD",984,10,"11011_2015",34979,9514,6686,10080,0
"11012_2015","11","012",2015,"PAN",286,1,"11012_2015",12861,7719,784,3782,0
"11013_2015","11","013",2015,"PAN",236,3,"11013_2015",11065,5758,3199,290,0
"11014_2015","11","014",2015,"PAN",2169,25,"11014_2015",48688,17377,14878,2258,0
"11015_2015","11","015",2015,"PRI_PVEM_PNA",1838,78,"11015_2015",70083,12907,38656,11673,0
"11016_2015","11","016",2015,"PAN",161,0,"11016_2015",10120,2838,660,357,0
"11017_2015","11","017",2015,"PAN",5169,182,"11017_2015",207523,68888,115783,2606,0
"11018_2015","11","018",2015,"PRI",295,3,"11018_2015",17536,4991,7156,809,0
"11019_2015","11","019",2015,"PVEM",954,3,"11019_2015",20779,6202,5884,217,0
"11020_2015","11","020",2015,"PAN",13903,403,"11020_2015",521587,229909,212623,4367,0
"11021_2015","11","021",2015,"PRD",489,7,"11021_2015",20505,5513,3321,6135,0
"11022_2015","11","022",2015,"PRI",247,1,"11022_2015",10055,3820,4991,726,0
"11023_2015","11","023",2015,"PAN",2111,123,"11023_2015",65689,24181,21938,12640,0
"11024_2015","11","024",2015,"PRI",95,1,"11024_2015",7399,883,3433,2950,0
"11025_2015","11","025",2015,"PAN",647,8,"11025_2015",22901,12339,8898,166,0
"11026_2015","11","026",2015,"PAN",428,2,"11026_2015",22710,6777,6634,3527,0
"11027_2015","11","027",2015,"PAN",3377,112,"11027_2015",79796,32669,16987,2453,0
"11028_2015","11","028",2015,"PRI",1291,23,"11028_2015",38871,15018,16340,2511,0
"11029_2015","11","029",2015,"PRI",555,1,"11029_2015",14058,4216,5155,529,0
"11030_2015","11","030",2015,"PVEM",1361,25,"11030_2015",34101,10889,6991,998,0
"11031_2015","11","031",2015,"PAN",1066,15,"11031_2015",36821,12433,10891,343,0
"11032_2015","11","032",2015,"PVEM",737,5,"11032_2015",27295,5677,4171,1487,0
"11033_2015","11","033",2015,"PAN",1609,22,"11033_2015",45420,15284,20291,3492,0
"11034_2015","11","034",2015,"PAN",49,0,"11034_2015",2923,1516,1387,0,0
"11035_2015","11","035",2015,"PRD",646,5,"11035_2015",31661,10059,4436,10267,0
"11036_2015","11","036",2015,"PRI",83,0,"11036_2015",4447,2045,2349,0,0
"11037_2015","11","037",2015,"PAN",1435,26,"11037_2015",49463,19911,11283,6012,0
"11038_2015","11","038",2015,"PRI",176,2,"11038_2015",5732,2225,2422,211,0
"11039_2015","11","039",2015,"PAN",434,3,"11039_2015",15819,6655,4810,686,0
"11040_2015","11","040",2015,"PRI_PVEM_PNA",179,0,"11040_2015",11942,2847,5372,2914,0
"11041_2015","11","041",2015,"PVEM",464,2,"11041_2015",25148,5800,8743,676,0
"11042_2015","11","042",2015,"PAN",1354,24,"11042_2015",48533,20794,10688,6777,0
"11043_2015","11","043",2015,"PAN",201,0,"11043_2015",9700,4505,3792,1168,0
"11044_2015","11","044",2015,"PAN",332,1,"11044_2015",23512,8741,1495,2044,0
"11045_2015","11","045",2015,"PAN",123,1,"11045_2015",5697,3325,2136,0,0
"11046_2015","11","046",2015,"PVEM",937,5,"11046_2015",30893,7111,4941,313,0
"14001_2015","14","001",2015,"PAN",255,1,"14001_2015",11595,3769,4033,1470,0
"14002_2015","14","002",2015,"MC",143,1,"14002_2015",12837,2019,2727,108,2230
"14003_2015","14","003",2015,"PRI",145,0,"14003_2015",14509,2374,4240,247,2701
"14004_2015","14","004",2015,"PRI",55,0,"14004_2015",2687,758,1210,666,0
"14005_2015","14","005",2015,"PAN_PRD",73,0,"14005_2015",9466,426,1822,1874,2389
"14006_2015","14","006",2015,"PRI_PVEM",586,28,"14006_2015",33905,2734,13780,786,3689
"14008_2015","14","008",2015,"PRI_PVEM",862,7,"14008_2015",40350,7297,23362,0,0
"14010_2015","14","010",2015,"PAN_PRD",33,0,"14010_2015",5464,1871,1295,89,2013
"14011_2015","14","011",2015,"PRI",57,3,"14011_2015",3120,1294,1627,0,0
"14012_2015","14","012",2015,"MC",43,1,"14012_2015",2488,167,1071,0,0
"14013_2015","14","013",2015,"PRI",654,4,"14013_2015",23857,4660,9797,0,0
"14014_2015","14","014",2015,"PRI",103,1,"14014_2015",4452,1752,1761,59,0
"14015_2015","14","015",2015,"PRI_PVEM",558,6,"14015_2015",29909,3301,13685,4908,0
"14016_2015","14","016",2015,"PES",336,1,"14016_2015",19499,2755,5458,207,3031
"14017_2015","14","017",2015,"PAN",105,4,"14017_2015",9122,2508,4386,58,0
"14019_2015","14","019",2015,"PRI",57,0,"14019_2015",4415,1409,1872,0,0
"14020_2015","14","020",2015,"PRI",101,0,"14020_2015",6283,0,2417,0,0
"14117_2015","14","117",2015,"PRI",65,1,"14117_2015",2243,813,1183,30,0
"14021_2015","14","021",2015,"PRI",200,3,"14021_2015",9949,1168,3488,236,1587
"14030_2015","14","030",2015,"PRI_PVEM",377,2,"14030_2015",26938,4722,13721,365,0
"14031_2015","14","031",2015,"PAN",16,0,"14031_2015",2000,992,955,19,0
"14032_2015","14","032",2015,"PRD",45,21,"14032_2015",3017,441,905,1398,0
"14022_2015","14","022",2015,"MC",218,4,"14022_2015",21035,2123,11028,346,0
"14024_2015","14","024",2015,"PRI_PVEM",269,2,"14024_2015",20415,2084,9355,620,2942
"14025_2015","14","025",2015,"PAN",129,0,"14025_2015",9074,3931,2299,70,0
"14026_2015","14","026",2015,"PRI",61,0,"14026_2015",3325,770,1345,0,0
"14027_2015","14","027",2015,"PAN",98,0,"14027_2015",10280,4888,4646,0,0
"14028_2015","14","028",2015,"PAN",9,0,"14028_2015",1424,875,549,0,0
"14029_2015","14","029",2015,"PT",153,3,"14029_2015",11924,165,4887,1201,0
"14033_2015","14","033",2015,"PAN",149,1,"14033_2015",9730,4831,4012,357,0
"14034_2015","14","034",2015,"PRI",25,0,"14034_2015",1204,214,536,4,0
"14009_2015","14","009",2015,"PAN",110,1,"14009_2015",8570,2357,2209,0,0
"14037_2015","14","037",2015,"PRI",195,3,"14037_2015",9002,2374,3744,381,0
"14054_2015","14","054",2015,"PRD",95,1,"14054_2015",3218,445,1082,1522,0
"14070_2015","14","070",2015,"PRI",1437,62,"14070_2015",55668,8866,16919,612,9765
"14035_2015","14","035",2015,"PAN",434,5,"14035_2015",28870,12287,13644,0,0
"14036_2015","14","036",2015,"MC",137,0,"14036_2015",10572,3113,1909,0,0
"14079_2015","14","079",2015,"MC",110,1,"14079_2015",7415,896,2042,1616,0
"14038_2015","14","038",2015,"PRI",68,0,"14038_2015",2503,347,740,71,0
"14039_2015","14","039",2015,"MC",15659,405,"14039_2015",824559,60942,349309,7024,0
"14040_2015","14","040",2015,"PRI",97,0,"14040_2015",4559,864,1912,1666,0
"14041_2015","14","041",2015,"PRI",44,0,"14041_2015",3481,1024,1474,37,0
"14042_2015","14","042",2015,"PAN",89,0,"14042_2015",4648,2257,1636,0,0
"14044_2015","14","044",2015,"PRI",378,6,"14044_2015",17231,1019,8401,1681,3129
"14045_2015","14","045",2015,"PT",162,1,"14045_2015",8520,503,2568,299,0
"14046_2015","14","046",2015,"PAN",322,3,"14046_2015",11788,4951,3434,274,0
"14047_2015","14","047",2015,"PRI",163,1,"14047_2015",10515,2665,4583,0,0
"14048_2015","14","048",2015,"PRI",218,3,"14048_2015",8424,3590,3735,0,0
"14049_2015","14","049",2015,"MC",53,4,"14049_2015",4535,423,1668,0,0
"14050_2015","14","050",2015,"MC",359,7,"14050_2015",22533,4278,6487,468,0
"14051_2015","14","051",2015,"MC",92,1,"14051_2015",6968,1399,2092,237,0
"14052_2015","14","052",2015,"PRI",42,6,"14052_2015",4389,864,1320,108,1001
"14018_2015","14","018",2015,"PRI_PVEM",579,96,"14018_2015",31812,5262,13498,983,0
"14043_2015","14","043",2015,"PRI_PVEM",207,1,"14043_2015",15470,3342,7804,70,0
"14053_2015","14","053",2015,"PRI_PVEM",1599,37,"14053_2015",89561,11437,45137,235,11919
"14055_2015","14","055",2015,"PRI",126,3,"14055_2015",8598,2571,3076,646,0
"14057_2015","14","057",2015,"PRI",17,0,"14057_2015",2429,740,1080,0,0
"14058_2015","14","058",2015,"PRI_PVEM",102,0,"14058_2015",10753,959,7435,63,0
"14059_2015","14","059",2015,"PRI_PVEM",122,1,"14059_2015",10940,216,5634,986,1266
"14060_2015","14","060",2015,"PRI",42,1,"14060_2015",2871,1089,1195,0,0
"14061_2015","14","061",2015,"PRI",333,10,"14061_2015",9147,3228,3816,66,0
"14062_2015","14","062",2015,"MC",25,0,"14062_2015",2265,46,665,0,0
"14063_2015","14","063",2015,"MC",1004,304,"14063_2015",49032,3787,18824,469,4306
"14064_2015","14","064",2015,"PRI_PVEM",345,4,"14064_2015",19780,628,7631,2868,3863
"14065_2015","14","065",2015,"MC",99,1,"14065_2015",6058,0,2568,0,0
"14066_2015","14","066",2015,"PRI_PVEM",343,1,"14066_2015",31826,1954,14980,3388,5579
"14067_2015","14","067",2015,"MC",1661,96,"14067_2015",116773,17521,54891,694,0
"14069_2015","14","069",2015,"PRI",87,5,"14069_2015",4760,1995,2623,0,0
"14071_2015","14","071",2015,"PAN",37,0,"14071_2015",1894,1042,794,53,0
"14072_2015","14","072",2015,"PRI",41,0,"14072_2015",3494,1541,1774,0,0
"14113_2015","14","113",2015,"PRI",166,1,"14113_2015",7598,1247,3105,2423,0
"14125_2015","14","125",2015,"PRI",200,3,"14125_2015",8955,1671,2411,29,1701
"14073_2015","14","073",2015,"PAN",552,38,"14073_2015",34534,11445,10985,0,0
"14007_2015","14","007",2015,"PRI",78,0,"14007_2015",4602,1033,1183,284,0
"14074_2015","14","074",2015,"PRI",147,1,"14074_2015",7608,2713,2873,0,0
"14075_2015","14","075",2015,"PRI",23,1,"14075_2015",2782,466,741,61,573
"14076_2015","14","076",2015,"PAN",25,0,"14076_2015",1820,890,789,0,0
"14077_2015","14","077",2015,"MC",254,1,"14077_2015",15777,1997,3718,152,2231
"14078_2015","14","078",2015,"PAN",348,2,"14078_2015",12350,5111,4542,572,0
"14098_2015","14","098",2015,"MC",5876,100,"14098_2015",271387,24115,120507,2680,26913
"14080_2015","14","080",2015,"MC",53,1,"14080_2015",3332,0,1222,0,0
"14081_2015","14","081",2015,"PRI",24,0,"14081_2015",2205,889,925,0,0
"14056_2015","14","056",2015,"PRI",10,0,"14056_2015",1359,634,725,0,0
"14082_2015","14","082",2015,"PRD",308,7,"14082_2015",16426,1435,5288,4530,0
"14083_2015","14","083",2015,"PRI_PVEM",489,8,"14083_2015",40425,5247,15742,738,6415
"14084_2015","14","084",2015,"PRI_PVEM",155,0,"14084_2015",11604,3490,7353,0,0
"14085_2015","14","085",2015,"PRI_PVEM",567,13,"14085_2015",25927,4802,14548,3862,0
"14086_2015","14","086",2015,"PRD",130,0,"14086_2015",11892,429,3659,2773,0
"14087_2015","14","087",2015,"PRI",143,1,"14087_2015",9902,1629,3986,181,2230
"14089_2015","14","089",2015,"MC",28,1,"14089_2015",2031,404,603,0,0
"14088_2015","14","088",2015,"PAN",77,1,"14088_2015",9051,4501,3623,0,0
"14090_2015","14","090",2015,"PAN",55,0,"14090_2015",4125,2057,1796,60,0
"14091_2015","14","091",2015,"PAN",544,16,"14091_2015",14893,5139,3982,486,0
"14092_2015","14","092",2015,"PAN",79,0,"14092_2015",6375,3197,2660,135,0
"14093_2015","14","093",2015,"MC",1619,32,"14093_2015",66760,10773,29695,458,0
"14094_2015","14","094",2015,"PRI_PVEM",289,2,"14094_2015",22939,4744,11525,3302,0
"14095_2015","14","095",2015,"PAN",71,0,"14095_2015",5446,2249,1330,1565,0
"14096_2015","14","096",2015,"PRI",171,1,"14096_2015",9432,1372,4201,0,0
"14097_2015","14","097",2015,"MC",3116,120,"14097_2015",153406,8668,17664,23959,34388
"14099_2015","14","099",2015,"PRI",80,0,"14099_2015",5044,221,2380,533,0
"14100_2015","14","100",2015,"PAN_PRD",312,7,"14100_2015",23805,408,7059,5125,6013
"14101_2015","14","101",2015,"PRI",3982,351,"14101_2015",117013,18981,43084,3351,0
"14102_2015","14","102",2015,"PAN_PRD",48,1,"14102_2015",5384,1740,1453,41,1861
"14103_2015","14","103",2015,"PRI",56,1,"14103_2015",5472,1344,1505,28,1439
"14104_2015","14","104",2015,"PRI",48,0,"14104_2015",3729,880,1278,160,1058
"14105_2015","14","105",2015,"PRI",214,1,"14105_2015",10360,3639,3688,130,0
"14106_2015","14","106",2015,"PRI",35,1,"14106_2015",3828,999,1341,14,1026
"14107_2015","14","107",2015,"MC",42,1,"14107_2015",3595,760,1115,0,0
"14108_2015","14","108",2015,"PNA",422,1,"14108_2015",19286,1022,4627,228,1381
"14109_2015","14","109",2015,"PAN",178,2,"14109_2015",13405,4570,8635,0,0
"14110_2015","14","110",2015,"PRI",138,1,"14110_2015",6435,876,2561,61,0
"14111_2015","14","111",2015,"PRI",68,2,"14111_2015",3483,1202,1864,0,0
"14112_2015","14","112",2015,"PAN",53,0,"14112_2015",3524,1766,1162,0,0
"14114_2015","14","114",2015,"Humanista",188,1,"14114_2015",9920,1627,1046,116,1770
"14115_2015","14","115",2015,"PAN",38,0,"14115_2015",3181,1447,1387,233,0
"14116_2015","14","116",2015,"PRI",162,1,"14116_2015",7778,2587,2786,0,0
"14068_2015","14","068",2015,"PAN",115,0,"14068_2015",8069,2223,3582,241,0
"14118_2015","14","118",2015,"PRI_PVEM",303,24,"14118_2015",20957,3196,17364,0,0
"14119_2015","14","119",2015,"MC",288,3,"14119_2015",13981,652,3354,197,974
"14120_2015","14","120",2015,"MC",12372,591,"14120_2015",556352,63537,250289,5592,0
"14121_2015","14","121",2015,"PAN_PRD",342,3,"14121_2015",16258,2059,3055,1029,3260
"14122_2015","14","122",2015,"PRI",54,0,"14122_2015",4631,1036,1608,217,1314
"14123_2015","14","123",2015,"PRD",165,0,"14123_2015",8108,1665,2536,3052,0
"14023_2015","14","023",2015,"MC",1146,11,"14023_2015",61497,6507,22639,907,7658
"14124_2015","14","124",2015,"MC",640,11,"14124_2015",24476,2040,8204,301,0
"15001_2015","15","001",2015,"PRI",1209,21,"15001_2015",23431,8617,10561,797,0
"15002_2015","15","002",2015,"PRI_PVEM_PNA",1100,138,"15002_2015",60358,1127,40807,7030,0
"15003_2015","15","003",2015,"PRI",968,14,"15003_2015",18710,2018,11156,2841,0
"15004_2015","15","004",2015,"PRI_PVEM_PNA",133,0,"15004_2015",12843,3940,8361,52,0
"15005_2015","15","005",2015,"PRI",2516,34,"15005_2015",54935,6506,18909,7995,0
"15006_2015","15","006",2015,"PRI_PVEM_PNA",157,6,"15006_2015",8107,2060,3352,1423,0
"15007_2015","15","007",2015,"PT",308,5,"15007_2015",15681,2290,8158,628,0
"15008_2015","15","008",2015,"PRD",488,0,"15008_2015",19185,3236,8770,6733,0
"15009_2015","15","009",2015,"PES",732,9,"15009_2015",28596,1762,11316,4479,0
"15010_2015","15","010",2015,"PRI_PVEM_PNA",297,13,"15010_2015",18174,5224,7295,219,0
"15011_2015","15","011",2015,"PRI_PVEM_PNA",521,13,"15011_2015",31882,6193,13943,1802,0
"15012_2015","15","012",2015,"PRI",160,2,"15012_2015",5797,1663,1538,397,0
"15013_2015","15","013",2015,"PAN_PT",7798,310,"15013_2015",281195,133424,97761,6791,0
"15014_2015","15","014",2015,"PRI_PVEM_PNA",1530,44,"15014_2015",50469,4802,30834,1129,0
"15015_2015","15","015",2015,"PRI_PVEM_PNA",273,4,"15015_2015",15345,2636,6388,1286,0
"15016_2015","15","016",2015,"PRI",263,1,"15016_2015",12277,2613,5031,754,0
"15017_2015","15","017",2015,"PRI_PVEM_PNA",58,0,"15017_2015",5407,128,2949,1343,0
"15018_2015","15","018",2015,"PRI_PVEM_PNA",593,8,"15018_2015",27631,4613,13825,747,0
"15019_2015","15","019",2015,"PRD",268,2,"15019_2015",13618,2692,5079,3368,0
"15020_2015","15","020",2015,"PRI_PVEM_PNA",4240,208,"15020_2015",129549,19911,54584,20920,0
"15021_2015","15","021",2015,"PRI_PVEM_PNA",366,1,"15021_2015",25897,3451,17445,336,0
"15022_2015","15","022",2015,"PRD",104,2,"15022_2015",9370,556,4120,2369,0
"15023_2015","15","023",2015,"PAN",357,8,"15023_2015",19773,4458,6270,1141,0
"15024_2015","15","024",2015,"PRI_PVEM_PNA",1239,846,"15024_2015",48465,10696,26588,2839,0
"15121_2015","15","121",2015,"PRI_PVEM_PNA",8376,354,"15121_2015",313713,118269,127092,7637,0
"15025_2015","15","025",2015,"PRI_PVEM_PNA",3890,75,"15025_2015",122081,5383,60992,19783,0
"15026_2015","15","026",2015,"PAN_PT",419,2,"15026_2015",26973,15496,10452,345,0
"15027_2015","15","027",2015,"PAN_PT",114,2,"15027_2015",8181,2455,3409,232,0
"15028_2015","15","028",2015,"PRI_PVEM_PNA",216,4,"15028_2015",17259,147,9683,343,0
"15029_2015","15","029",2015,"PRI_PVEM_PNA",1920,61,"15029_2015",74088,1176,35461,12407,0
"15030_2015","15","030",2015,"PRI_PVEM_PNA",212,3,"15030_2015",13903,139,5650,616,0
"15031_2015","15","031",2015,"PRI_PVEM_PNA",5587,101,"15031_2015",192714,6220,119451,20605,0
"15032_2015","15","032",2015,"PRD",485,0,"15032_2015",16558,1894,6631,7265,0
"15033_2015","15","033",2015,"PRI_PVEM_PNA",25734,783,"15033_2015",678567,39301,375100,91908,0
"15034_2015","15","034",2015,"PRI",133,1,"15034_2015",4339,1437,1690,31,0
"15035_2015","15","035",2015,"PAN",763,38,"15035_2015",46272,11485,19818,9068,0
"15036_2015","15","036",2015,"PRI_PVEM_PNA",536,2,"15036_2015",29273,10480,10590,5393,0
"15037_2015","15","037",2015,"PAN",3874,107,"15037_2015",122225,35609,66770,6065,0
"15038_2015","15","038",2015,"PRD",100,0,"15038_2015",6579,392,2388,1428,0
"15039_2015","15","039",2015,"PRI_PVEM_PNA",4902,152,"15039_2015",208383,7330,127666,47234,0
"15040_2015","15","040",2015,"PRI_PVEM_PNA",617,13,"15040_2015",24783,4314,13697,1179,0
"15041_2015","15","041",2015,"PAN",96,0,"15041_2015",5623,2159,3211,228,0
"15042_2015","15","042",2015,"PRI",2236,26,"15042_2015",50153,3851,21449,2074,0
"15043_2015","15","043",2015,"PAN_PT",208,5,"15043_2015",14728,6421,6242,1363,0
"15044_2015","15","044",2015,"PRI_PVEM_PNA",258,11,"15044_2015",13054,2485,5390,695,0
"15045_2015","15","045",2015,"PNA",1101,14,"15045_2015",47389,15533,11391,1844,0
"15046_2015","15","046",2015,"PAN",265,6,"15046_2015",11926,4309,5593,1222,0
"15047_2015","15","047",2015,"PRI",1278,5,"15047_2015",33429,7867,10848,1139,0
"15048_2015","15","048",2015,"PRI_PVEM_PNA",944,18,"15048_2015",39467,7815,26445,663,0
"15049_2015","15","049",2015,"PRI_PVEM_PNA",156,0,"15049_2015",10879,2752,5367,395,0
"15050_2015","15","050",2015,"PRI_PVEM_PNA",272,4,"15050_2015",13760,557,7905,1775,0
"15051_2015","15","051",2015,"PRI_PVEM_PNA",1490,30,"15051_2015",72109,18635,41719,3383,0
"15052_2015","15","052",2015,"PRI",399,8,"15052_2015",15728,6161,4776,3754,0
"15053_2015","15","053",2015,"PAN_PT",603,15,"15053_2015",29249,12575,5303,4941,0
"15054_2015","15","054",2015,"PRI_PVEM_PNA",3915,190,"15054_2015",131446,25679,73603,3114,0
"15055_2015","15","055",2015,"PRI_PVEM_PNA",131,2,"15055_2015",7591,1407,2518,139,0
"15056_2015","15","056",2015,"PRI",465,4,"15056_2015",14102,1563,6335,159,0
"15057_2015","15","057",2015,"PAN",14741,595,"15057_2015",375565,106280,172370,14351,0
"15059_2015","15","059",2015,"PRD",292,4,"15059_2015",15647,774,5535,3271,0
"15058_2015","15","058",2015,"PRD",17152,633,"15058_2015",387107,12423,83467,215361,0
"15060_2015","15","060",2015,"PRI_PVEM_PNA",3775,98,"15060_2015",169194,35217,96926,5106,0
"15061_2015","15","061",2015,"PRI_PVEM_PNA",73,1,"15061_2015",8265,2702,5308,46,0
"15062_2015","15","062",2015,"PRI_PVEM_PNA",813,156,"15062_2015",30523,1921,13695,3587,0
"15063_2015","15","063",2015,"PRD",342,3,"15063_2015",18168,3295,8546,4792,0
"15064_2015","15","064",2015,"PRI",588,4,"15064_2015",15140,4435,5137,281,0
"15065_2015","15","065",2015,"PT",315,11,"15065_2015",21186,3105,10349,1277,0
"15066_2015","15","066",2015,"PRI_PVEM_PNA",47,0,"15066_2015",5101,9,3604,1457,0
"15067_2015","15","067",2015,"PRI",867,10,"15067_2015",38287,19253,10640,1025,0
"15068_2015","15","068",2015,"PAN_PT",287,24,"15068_2015",15570,7890,3486,196,0
"15069_2015","15","069",2015,"PRI_PVEM_PNA",25,2,"15069_2015",3837,911,2203,81,0
"15070_2015","15","070",2015,"PRI_PVEM_PNA",3117,79,"15070_2015",115737,2882,72951,18672,0
"15071_2015","15","071",2015,"PRI_PVEM_PNA",275,2,"15071_2015",11157,1842,8769,116,0
"15072_2015","15","072",2015,"PRI_PVEM_PNA",97,7,"15072_2015",10972,2564,5086,122,0
"15073_2015","15","073",2015,"PAN",175,12,"15073_2015",10453,1897,3645,884,0
"15074_2015","15","074",2015,"PRI",3014,9,"15074_2015",46116,8190,29112,1457,0
"15075_2015","15","075",2015,"PRI_PVEM_PNA",239,8,"15075_2015",16614,4361,8692,88,0
"15076_2015","15","076",2015,"PRI",984,33,"15076_2015",34695,8659,11878,1584,0
"15077_2015","15","077",2015,"PRD",80,0,"15077_2015",4943,0,2575,1510,0
"15078_2015","15","078",2015,"PRI",75,3,"15078_2015",5335,884,1934,1258,0
"15079_2015","15","079",2015,"PAN_PT",121,23,"15079_2015",14932,8753,6068,37,0
"15080_2015","15","080",2015,"PRI",457,0,"15080_2015",13289,3255,6235,2917,0
"15081_2015","15","081",2015,"PRI_PVEM_PNA",6291,210,"15081_2015",208656,20425,132678,8867,0
"15082_2015","15","082",2015,"PRI",1091,23,"15082_2015",37130,8469,12804,12255,0
"15083_2015","15","083",2015,"PRI_PVEM_PNA",103,2,"15083_2015",7866,1300,2853,518,0
"15084_2015","15","084",2015,"PAN",287,0,"15084_2015",22753,7424,12096,571,0
"15085_2015","15","085",2015,"PRI_PVEM_PNA",1214,12,"15085_2015",42326,2236,25469,12752,0
"15086_2015","15","086",2015,"PRI",433,2,"15086_2015",20089,9035,6661,3702,0
"15087_2015","15","087",2015,"PRI_PVEM_PNA",1344,13,"15087_2015",45684,7550,21396,704,0
"15088_2015","15","088",2015,"PRI_PVEM_PNA",1434,12,"15088_2015",49585,5978,27385,2920,0
"15089_2015","15","089",2015,"PAN",109,0,"15089_2015",6720,1717,2603,56,0
"15090_2015","15","090",2015,"PRI",946,18,"15090_2015",36608,8675,9240,6843,0
"15091_2015","15","091",2015,"PRI_PVEM_PNA",814,20,"15091_2015",36719,8392,16589,2867,0
"15092_2015","15","092",2015,"PRI_PVEM_PNA",636,14,"15092_2015",33802,4654,21210,3619,0
"15093_2015","15","093",2015,"PRI_PVEM_PNA",258,4,"15093_2015",16343,2872,7133,2157,0
"15094_2015","15","094",2015,"PRI_PVEM_PNA",173,1,"15094_2015",10842,1034,5378,1433,0
"15095_2015","15","095",2015,"MC",699,9,"15095_2015",35071,9352,6815,2255,0
"15096_2015","15","096",2015,"PRI_PVEM_PNA",371,8,"15096_2015",21806,2727,11045,1183,0
"15097_2015","15","097",2015,"PRI",188,1,"15097_2015",9646,4088,4943,68,0
"15098_2015","15","098",2015,"PRI",49,0,"15098_2015",2778,0,696,579,0
"15099_2015","15","099",2015,"Morena",2765,79,"15099_2015",133695,2115,58181,11378,0
"15100_2015","15","100",2015,"PRI_PVEM_PNA",350,12,"15100_2015",19653,3540,7511,3759,0
"15101_2015","15","101",2015,"PAN_PT",917,10,"15101_2015",44608,19060,18126,2666,0
"15102_2015","15","102",2015,"PRI",231,1,"15102_2015",9255,3905,4523,456,0
"15103_2015","15","103",2015,"PRI_PVEM_PNA",670,14,"15103_2015",23996,730,11466,322,0
"15104_2015","15","104",2015,"PRI_PVEM_PNA",13362,434,"15104_2015",378959,129784,150961,27169,0
"15105_2015","15","105",2015,"PRD",208,0,"15105_2015",27346,115,14953,12034,0
"15106_2015","15","106",2015,"PRI_PVEM_PNA",12398,385,"15106_2015",408450,81735,227326,20162,0
"15107_2015","15","107",2015,"PRI_PVEM_PNA",139,0,"15107_2015",10743,456,7121,1971,0
"15108_2015","15","108",2015,"PRD",1485,47,"15108_2015",66222,5391,32067,18745,0
"15109_2015","15","109",2015,"PRI_PVEM_PNA",6722,218,"15109_2015",194435,12833,99687,27600,0
"15110_2015","15","110",2015,"PRI_PVEM_PNA",793,16,"15110_2015",42154,5743,23702,1931,0
"15111_2015","15","111",2015,"PRD",813,6,"15111_2015",28562,1733,15308,10476,0
"15112_2015","15","112",2015,"PRI",580,1,"15112_2015",19728,5932,7040,116,0
"15113_2015","15","113",2015,"PRD",676,20,"15113_2015",31621,2100,13839,11464,0
"15114_2015","15","114",2015,"PRI_PVEM_PNA",1031,9,"15114_2015",79444,25485,51526,293,0
"15115_2015","15","115",2015,"PAN_PT",689,16,"15115_2015",36353,14264,12504,378,0
"15116_2015","15","116",2015,"PRD",52,2,"15116_2015",3675,295,1905,1467,0
"15117_2015","15","117",2015,"PRI_PVEM_PNA",220,0,"15117_2015",10674,479,6335,306,0
"15118_2015","15","118",2015,"PRI",2578,37,"15118_2015",58688,15878,19573,2635,0
"15119_2015","15","119",2015,"PRI_PVEM_PNA",260,0,"15119_2015",15659,5615,8814,792,0
"15120_2015","15","120",2015,"PRI",1689,32,"15120_2015",56990,11059,21597,6194,0
"15122_2015","15","122",2015,"PRD",4538,74,"15122_2015",146428,7697,53471,29185,0
"15123_2015","15","123",2015,"PRD",451,0,"15123_2015",24173,10371,7931,5635,0
"15124_2015","15","124",2015,"PRI",1784,5,"15124_2015",30199,12493,12858,1827,0
"15125_2015","15","125",2015,"PT",88,1,"15125_2015",5524,748,1945,155,0
"16028_2015","16","028",2015,"PRI_PVEM",58,0,"16028_2015",5565,0,2783,2528,0
"16030_2015","16","030",2015,"PRI_PVEM",157,1,"16030_2015",9717,2484,6549,566,0
"16060_2015","16","060",2015,"PAN",109,1,"16060_2015",8293,3172,3671,1315,0
"16067_2015","16","067",2015,"PRD_PT_PNA",182,0,"16067_2015",15525,603,6848,7405,0
"16069_2015","16","069",2015,"PRI_PVEM",1141,41,"16069_2015",49559,11475,28113,3318,0
"16086_2015","16","086",2015,"PRD_PT_PNA",158,1,"16086_2015",9773,1538,4039,4090,0
"16106_2015","16","106",2015,"Morena",286,6,"16106_2015",18669,901,6760,5828,0
"16109_2015","16","109",2015,"PRI_PVEM",46,1,"16109_2015",3763,344,1845,1540,0
"16004_2015","16","004",2015,"PRD_PNA",184,5,"16004_2015",14984,404,4580,9356,0
"16018_2015","16","018",2015,"PRI_PVEM",135,0,"16018_2015",6583,1092,2178,2099,0
"16027_2015","16","027",2015,"PRD_PT_PNA",76,1,"16027_2015",4918,386,1817,2576,0
"16036_2015","16","036",2015,"PRD_PNA",199,2,"16036_2015",8129,1750,1325,4548,0
"16113_2015","16","113",2015,"PRD",347,0,"16113_2015",16988,186,6863,4435,0
"16054_2015","16","054",2015,"PRD_PES",188,0,"16054_2015",6140,983,1629,2212,0
"16063_2015","16","063",2015,"PRD_PT_PNA_PES",161,0,"16063_2015",16132,0,7895,7835,0
"16071_2015","16","071",2015,"PRI_PVEM",1931,28,"16071_2015",31160,2458,15541,7254,0
"16007_2015","16","007",2015,"PAN",59,0,"16007_2015",3023,763,1384,633,0
"16017_2015","16","017",2015,"PRI_PVEM",396,2,"16017_2015",24492,2705,10292,9353,0
"16031_2015","16","031",2015,"PRD_PT_PNA",217,0,"16031_2015",15758,2485,4880,6166,0
"16050_2015","16","050",2015,"PRD",1300,11,"16050_2015",32842,6166,10421,9076,0
"16080_2015","16","080",2015,"PRI",266,1,"16080_2015",10714,1157,3704,3465,0
"16093_2015","16","093",2015,"PRD",413,2,"16093_2015",17517,612,5113,3947,0
"16011_2015","16","011",2015,"PT",91,0,"16011_2015",6474,224,2084,1952,0
"16045_2015","16","045",2015,"PRI",504,3,"16045_2015",17923,1191,5951,4904,0
"16051_2015","16","051",2015,"PRI_PVEM",122,3,"16051_2015",9390,2654,6036,547,0
"16062_2015","16","062",2015,"MC",228,2,"16062_2015",12167,845,1972,5290,0
"16074_2015","16","074",2015,"PRD_PT_PNA",52,3,"16074_2015",10376,0,4398,5924,0
"16076_2015","16","076",2015,"PAN",821,10,"16076_2015",32910,13121,9883,8116,0
"16103_2015","16","103",2015,"PRD_PT_Humanista",179,0,"16103_2015",20613,3397,6013,10966,0
"16105_2015","16","105",2015,"PVEM",204,2,"16105_2015",10626,301,2314,3932,0
"16023_2015","16","023",2015,"PRI",151,1,"16023_2015",5523,375,2393,1367,0
"16025_2015","16","025",2015,"PRI",623,4,"16025_2015",18649,617,5923,6677,0
"16042_2015","16","042",2015,"PRD_PNA",121,0,"16042_2015",12041,317,4641,5338,0
"16043_2015","16","043",2015,"MC",746,13,"16043_2015",27586,2938,4363,6517,0
"16084_2015","16","084",2015,"PRI_PVEM",286,1,"16084_2015",19428,3625,7724,7610,0
"16085_2015","16","085",2015,"PAN",403,7,"16085_2015",13430,4050,2871,3239,0
"16104_2015","16","104",2015,"PRI_PVEM",253,0,"16104_2015",14448,3376,5114,4290,0
"16108_2015","16","108",2015,"PRI_PVEM",2362,80,"16108_2015",81394,13245,30384,7030,0
"16016_2015","16","016",2015,"PRD_PNA",340,0,"16016_2015",20108,6742,4519,7736,0
"16037_2015","16","037",2015,"PRD_PT",193,2,"16037_2015",6866,460,898,3915,0
"16044_2015","16","044",2015,"PRD",188,0,"16044_2015",6702,100,2138,2769,0
"16056_2015","16","056",2015,"PRD_PT_PAN_PNA_Humanista",467,2,"16056_2015",21214,439,6385,4211,5028
"16070_2015","16","070",2015,"PNA",250,1,"16070_2015",8028,1504,742,1614,0
"16094_2015","16","094",2015,"PRI_PVEM",67,0,"16094_2015",7268,179,3662,3166,0
"16107_2015","16","107",2015,"MC",1357,16,"16107_2015",31481,2580,6400,5386,0
"16003_2015","16","003",2015,"PT_PES",268,1,"16003_2015",18263,592,6952,1078,0
"16020_2015","16","020",2015,"PRD_PNA",477,2,"16020_2015",17828,1343,5390,6807,0
"16022_2015","16","022",2015,"PAN",270,0,"16022_2015",14945,3248,3982,6247,0
"16040_2015","16","040",2015,"PRI_PVEM",205,0,"16040_2015",14763,281,7101,6854,0
"16078_2015","16","078",2015,"PRI_PVEM",198,0,"16078_2015",8152,959,2926,1566,0
"16088_2015","16","088",2015,"PT_PES",1138,29,"16088_2015",37088,4554,5032,7554,0
"16110_2015","16","110",2015,"PRI",860,5,"16110_2015",19063,1347,6750,4671,0
"16019_2015","16","019",2015,"PVEM",300,0,"16019_2015",11566,1324,1524,4783,0
"16021_2015","16","021",2015,"PT",154,2,"16021_2015",8146,18,2416,2741,0
"16068_2015","16","068",2015,"PAN",290,12,"16068_2015",12813,3174,2115,4526,0
"16075_2015","16","075",2015,"PRD_PT_PNA",804,9,"16075_2015",51087,14218,17602,17290,0
"16083_2015","16","083",2015,"PAN_PRI_PRD_PNA_Humanista_PES",399,4,"16083_2015",11459,1485,1415,952,4139
"16091_2015","16","091",2015,"PRD_PT_PNA_PES",140,0,"16091_2015",11482,2131,3531,5718,0
"16095_2015","16","095",2015,"PVEM",198,0,"16095_2015",6951,295,1183,2371,0
"16034_2015","16","034",2015,"PRI_PVEM",1878,28,"16034_2015",60681,10666,22102,13985,0
"16041_2015","16","041",2015,"PRD_PNA_PES",243,0,"16041_2015",12024,1632,2456,7416,0
"16047_2015","16","047",2015,"PRD_PT_PNA",201,2,"16047_2015",17344,511,6875,9714,0
"16072_2015","16","072",2015,"PRI_PVEM",234,2,"16072_2015",10878,756,5493,3827,0
"16098_2015","16","098",2015,"PRD_PT",345,2,"16098_2015",18537,2529,5900,7715,0
"16005_2015","16","005",2015,"PRI",170,0,"16005_2015",5915,43,2267,424,474
"16061_2015","16","061",2015,"PVEM",406,1,"16061_2015",10748,1001,1661,1190,0
"16112_2015","16","112",2015,"PRD_PT",3207,91,"16112_2015",89770,9384,27241,37569,0
"16065_2015","16","065",2015,"PRD_PT",408,2,"16065_2015",23223,1278,6407,12160,0
"16102_2015","16","102",2015,"PRD_PT",4255,115,"16102_2015",123997,26079,23319,57778,0
"16032_2015","16","032",2015,"PRI_PVEM",288,2,"16032_2015",12562,2980,6248,3202,0
"16039_2015","16","039",2015,"PRI_PVEM",161,1,"16039_2015",8062,365,4697,2587,0
"16048_2015","16","048",2015,"PAN",72,0,"16048_2015",5028,1879,696,2430,0
"16066_2015","16","066",2015,"PRD_PT",1869,35,"16066_2015",42561,5996,6705,20936,0
"16073_2015","16","073",2015,"PRI",438,6,"16073_2015",17257,6327,4295,3666,0
"16079_2015","16","079",2015,"PRD",1166,2,"16079_2015",23820,6748,3816,7839,0
"16090_2015","16","090",2015,"PRD_PT_PNA",113,1,"16090_2015",9047,83,2758,5596,0
"16100_2015","16","100",2015,"PRD_PT_PNA",231,4,"16100_2015",11241,372,3752,4719,0
"16053_2015","16","053",2015,"INDEP",14723,461,"16053_2015",335407,44759,119257,35801,0
"16013_2015","16","013",2015,"PRI_PVEM",172,1,"16013_2015",9678,27,4664,4350,0
"16038_2015","16","038",2015,"PRD",701,3,"16038_2015",22837,265,9252,11368,0
"16046_2015","16","046",2015,"MC",171,0,"16046_2015",11635,94,4781,3677,0
"16057_2015","16","057",2015,"PRD_PT_PAN_PNA_PES",84,2,"16057_2015",10583,205,4708,2579,2967
"16077_2015","16","077",2015,"PRD_PNA",827,1,"16077_2015",13236,125,4549,5902,0
"16081_2015","16","081",2015,"PRI_PVEM",82,0,"16081_2015",8951,129,4118,3443,0
"16092_2015","16","092",2015,"PRD_PT_PNA",196,0,"16092_2015",9145,91,2123,4888,0
"16099_2015","16","099",2015,"PRD_PT_PNA",158,1,"16099_2015",17676,434,8263,8912,0
"16101_2015","16","101",2015,"PRI",164,5,"16101_2015",6128,749,2042,549,1376
"16001_2015","16","001",2015,"PRD_PT",239,1,"16001_2015",7506,736,1408,3401,0
"16009_2015","16","009",2015,"PRI",609,3,"16009_2015",17485,1765,4343,6947,0
"16049_2015","16","049",2015,"PRD_PT",278,22,"16049_2015",14619,2497,5086,6921,0
"16082_2015","16","082",2015,"PRI_PVEM",1213,14,"16082_2015",44622,4245,19148,16209,0
"16097_2015","16","097",2015,"PRI_PVEM",459,9,"16097_2015",28299,837,13536,13168,0
"16058_2015","16","058",2015,"PRI_PVEM",137,0,"16058_2015",16900,607,8650,7331,0
"16087_2015","16","087",2015,"PAN",164,1,"16087_2015",11021,2732,5179,3015,0
"16111_2015","16","111",2015,"PRD_PT_PNA",182,2,"16111_2015",13614,1277,5449,6347,0
"16002_2015","16","002",2015,"PRD_PT_PNA",192,6,"16002_2015",12750,169,4892,7479,0
"16008_2015","16","008",2015,"PRD_PT_PNA",217,149,"16008_2015",17520,1816,942,8694,0
"16012_2015","16","012",2015,"PRD_PNA",547,1,"16012_2015",27782,1297,9026,10379,0
"16014_2015","16","014",2015,"PRD_PT",136,0,"16014_2015",9600,444,2795,4205,0
"16015_2015","16","015",2015,"PRD_PT",225,2,"16015_2015",15690,1167,6763,7313,0
"16026_2015","16","026",2015,"PRD_PT_PNA",41,1,"16026_2015",5480,0,2191,3258,0
"16089_2015","16","089",2015,"PRD_PT_PNA",228,0,"16089_2015",14748,3272,4851,6336,0
"16010_2015","16","010",2015,"PRD_PT_PNA",176,0,"16010_2015",19910,317,8659,10791,0
"16029_2015","16","029",2015,"PRI_PVEM",93,0,"16029_2015",16088,33,8567,7476,0
"16033_2015","16","033",2015,"PRD_PT_PES",173,3,"16033_2015",17637,160,7136,8763,0
"16035_2015","16","035",2015,"PRI_PVEM",448,2,"16035_2015",29206,508,17757,10065,0
"16055_2015","16","055",2015,"PRD",491,11,"16055_2015",25284,2374,13464,8651,0
"16059_2015","16","059",2015,"PRI",73,1,"16059_2015",4165,0,2004,1978,0
"16096_2015","16","096",2015,"PRI",54,0,"16096_2015",5087,0,1345,2396,0
"16006_2015","16","006",2015,"PRI_PVEM",1589,21,"16006_2015",58763,10242,24458,7826,0
"16064_2015","16","064",2015,"PRD_PT_PNA_PES",207,0,"16064_2015",14566,1245,2394,6955,0
"16052_2015","16","052",2015,"PRI_PVEM",1749,85,"16052_2015",70628,6367,36630,17444,0
"17001_2015","17","001",2015,"PRI_PVEM_PNA",260,2,"17001_2015",11735,60,4602,245,0
"17002_2015","17","002",2015,"PAN",306,4,"17002_2015",9084,2038,228,190,0
"17003_2015","17","003",2015,"PVEM",634,1,"17003_2015",15000,2763,2767,825,0
"17004_2015","17","004",2015,"PRI",1739,76,"17004_2015",31178,1549,9561,2687,0
"17005_2015","17","005",2015,"PAN",254,0,"17005_2015",5716,1742,117,535,0
"17006_2015","17","006",2015,"PRD",3219,68,"17006_2015",76330,4735,27209,17119,0
"17007_2015","17","007",2015,"PSD",8828,363,"17007_2015",170150,21270,55259,18787,0
"17008_2015","17","008",2015,"PVEM",1038,10,"17008_2015",33300,2506,1346,7908,0
"17009_2015","17","009",2015,"PNA",293,2,"17009_2015",8459,1076,255,725,0
"17010_2015","17","010",2015,"Humanista",187,1,"17010_2015",8374,53,32,56,0
"17011_2015","17","011",2015,"PRD",3906,91,"17011_2015",86391,5136,29521,18042,0
"17012_2015","17","012",2015,"PSD",975,15,"17012_2015",24493,898,3221,7336,0
"17013_2015","17","013",2015,"MC",325,5,"17013_2015",7974,249,157,212,0
"17014_2015","17","014",2015,"Humanista",145,0,"17014_2015",7558,171,3805,1031,0
"17015_2015","17","015",2015,"PRI_PVEM_PNA",385,1,"17015_2015",18391,94,9717,3868,0
"17016_2015","17","016",2015,"PRI",257,2,"17016_2015",9302,1299,2347,1602,0
"17017_2015","17","017",2015,"PRI_PVEM_PNA",1068,7,"17017_2015",30200,553,8000,896,0
"17018_2015","17","018",2015,"PRD",2159,62,"17018_2015",36763,2300,8708,11837,0
"17019_2015","17","019",2015,"PVEM",458,5,"17019_2015",12977,300,895,1394,0
"17020_2015","17","020",2015,"MC",467,6,"17020_2015",15346,145,3337,3291,0
"17021_2015","17","021",2015,"MC",126,27,"17021_2015",4321,129,1299,28,0
"17022_2015","17","022",2015,"PNA",384,2,"17022_2015",9573,40,76,742,0
"17023_2015","17","023",2015,"PT",161,0,"17023_2015",3230,981,543,44,0
"17024_2015","17","024",2015,"PRI_PVEM_PNA",890,5,"17024_2015",24208,2255,6798,3180,0
"17025_2015","17","025",2015,"PRD",575,11,"17025_2015",14209,559,2364,3387,0
"17026_2015","17","026",2015,"PNA",356,18,"17026_2015",9202,25,2452,2941,0
"17027_2015","17","027",2015,"PRD",170,0,"17027_2015",5152,2150,488,2213,0
"17028_2015","17","028",2015,"PRI",848,1,"17028_2015",25054,1094,10130,6298,0
"17029_2015","17","029",2015,"PRD",1636,18,"17029_2015",36489,2388,5049,9595,0
"17030_2015","17","030",2015,"PAN",734,4,"17030_2015",19319,3787,3403,2779,0
"17031_2015","17","031",2015,"PSD",594,1,"17031_2015",16503,1611,2868,2156,0
"17032_2015","17","032",2015,"PRI",178,1,"17032_2015",5283,48,2010,46,0
"17033_2015","17","033",2015,"PRI",304,5,"17033_2015",7669,669,1503,759,0
"19001_2015","19","001",2015,"PRD",28,NA,"19001_2015",1746,56,485,561,0
"19002_2015","19","002",2015,"PAN",32,NA,"19002_2015",2760,1202,742,0,0
"19003_2015","19","003",2015,"PRI",5,NA,"19003_2015",1496,545,646,0,0
"19004_2015","19","004",2015,"PAN",309,NA,"19004_2015",14353,8078,5435,0,0
"19005_2015","19","005",2015,"PAN",0,NA,"19005_2015",0,0,0,0,0
"19006_2015","19","006",2015,"PRI",3343,NA,"19006_2015",183267,55838,64171,2924,0
"19007_2015","19","007",2015,"PRI",290,NA,"19007_2015",9264,3068,5800,15,0
"19008_2015","19","008",2015,"PAN",18,NA,"19008_2015",2635,1029,811,0,0
"19009_2015","19","009",2015,"PAN",0,NA,"19009_2015",0,0,0,0,0
"19010_2015","19","010",2015,"PRI",127,NA,"19010_2015",7527,1837,1959,257,0
"19011_2015","19","011",2015,"PAN",41,NA,"19011_2015",4232,2561,1671,0,0
"19012_2015","19","012",2015,"PAN",0,NA,"19012_2015",0,0,0,0,0
"19013_2015","19","013",2015,"PAN",120,NA,"19013_2015",6253,1898,1109,0,0
"19014_2015","19","014",2015,"PRI",433,NA,"19014_2015",20386,8482,11544,111,0
"19015_2015","19","015",2015,"PRI",19,NA,"19015_2015",1755,716,881,0,0
"19016_2015","19","016",2015,"PAN",0,NA,"19016_2015",0,0,0,0,0
"19017_2015","19","017",2015,"PRI",842,NA,"19017_2015",19694,3850,9268,116,0
"19018_2015","19","018",2015,"PAN",0,NA,"19018_2015",0,0,0,0,0
"19019_2015","19","019",2015,"PAN",0,NA,"19019_2015",0,0,0,0,0
"19020_2015","19","020",2015,"PAN",26,NA,"19020_2015",3873,1985,1888,0,0
"19021_2015","19","021",2015,"PRI",2752,NA,"19021_2015",125660,25285,53692,2156,0
"19022_2015","19","022",2015,"PAN",0,NA,"19022_2015",0,0,0,0,0
"19023_2015","19","023",2015,"PAN",0,NA,"19023_2015",0,0,0,0,0
"19024_2015","19","024",2015,"PT",88,NA,"19024_2015",4058,96,1717,0,0
"19025_2015","19","025",2015,"PAN",204,NA,"19025_2015",14580,7027,4551,631,0
"19026_2015","19","026",2015,"PAN",5906,NA,"19026_2015",296806,114623,100375,3076,0
"19027_2015","19","027",2015,"PAN",20,NA,"19027_2015",1990,1017,910,0,0
"19028_2015","19","028",2015,"PAN",14,NA,"19028_2015",1090,520,471,0,0
"19029_2015","19","029",2015,"PRI",54,NA,"19029_2015",4102,1614,1862,0,0
"19030_2015","19","030",2015,"PRI",43,NA,"19030_2015",2472,1156,1305,0,0
"19031_2015","19","031",2015,"PAN",0,NA,"19031_2015",0,0,0,0,0
"19032_2015","19","032",2015,"PAN",28,NA,"19032_2015",3400,2280,1067,0,0
"19033_2015","19","033",2015,"PAN",907,NA,"19033_2015",34299,20044,7320,267,0
"19034_2015","19","034",2015,"PAN",0,NA,"19034_2015",0,0,0,0,0
"19035_2015","19","035",2015,"PNA",6,NA,"19035_2015",1101,0,520,0,0
"19036_2015","19","036",2015,"PRI",82,NA,"19036_2015",4166,1667,2193,11,0
"19037_2015","19","037",2015,"PRI",71,NA,"19037_2015",3411,84,1462,95,0
"19038_2015","19","038",2015,"PRI",850,NA,"19038_2015",26409,7067,12216,237,0
"19039_2015","19","039",2015,"PRI",13081,NA,"19039_2015",526605,142832,162039,5452,0
"19040_2015","19","040",2015,"PAN",0,NA,"19040_2015",0,0,0,0,0
"19041_2015","19","041",2015,"PAN",0,NA,"19041_2015",0,0,0,0,0
"19042_2015","19","042",2015,"PRI",69,NA,"19042_2015",3153,928,1288,0,0
"19043_2015","19","043",2015,"PAN",18,NA,"19043_2015",2792,1411,1381,0,0
"19044_2015","19","044",2015,"PAN",247,NA,"19044_2015",17825,9966,6329,107,0
"19045_2015","19","045",2015,"PRD",458,NA,"19045_2015",16789,4769,5626,5926,0
"19046_2015","19","046",2015,"PAN",0,NA,"19046_2015",0,0,0,0,0
"19047_2015","19","047",2015,"MC",143,NA,"19047_2015",8282,1884,1994,341,0
"19048_2015","19","048",2015,"PAN",2003,NA,"19048_2015",106837,52096,21772,1351,0
"19049_2015","19","049",2015,"PRI",404,NA,"19049_2015",20107,5049,7973,182,0
"19050_2015","19","050",2015,"PRI",25,NA,"19050_2015",1558,33,725,97,0
"19051_2015","19","051",2015,"PAN",48,NA,"19051_2015",2857,1006,422,980,0
"22001_2015","22","001",2015,"PAN",NA,NA,"22001_2015",27998,14051,12134,391,0
"22003_2015","22","003",2015,"PAN",186,0,"22003_2015",7363,3959,2644,475,0
"22004_2015","22","004",2015,"PAN",1267,15,"22004_2015",27772,9586,6956,217,0
"22005_2015","22","005",2015,"PAN",989,11,"22005_2015",24871,9682,7788,563,0
"22006_2015","22","006",2015,"PAN",2520,77,"22006_2015",63008,34164,15850,1741,0
"22011_2015","22","011",2015,"PRI",1375,115,"22011_2015",54397,22848,23429,1461,0
"22007_2015","22","007",2015,"PRI",540,7,"22007_2015",18262,4517,5376,1409,0
"22008_2015","22","008",2015,"PAN",600,319,"22008_2015",9766,3147,3699,529,317
"22009_2015","22","009",2015,"PAN",417,2,"22009_2015",12778,6649,5508,136,0
"22010_2015","22","010",2015,"PAN",395,1,"22010_2015",9823,4656,4559,0,0
"22012_2015","22","012",2015,"PRI",945,9,"22012_2015",29226,6581,9564,9303,0
"22013_2015","22","013",2015,"PAN",317,0,"22013_2015",9725,4369,4248,115,0
"22002_2015","22","002",2015,"PAN",475,1,"22002_2015",11933,6939,4323,222,0
"22014_2015","22","014",2015,"PAN",12121,353,"22014_2015",327646,172578,99169,6888,0
"22015_2015","22","015",2015,"PRI",167,2,"22015_2015",4106,1722,1981,181,0
"22016_2015","22","016",2015,"PAN",3195,101,"22016_2015",95192,40600,33493,1504,0
"22017_2015","22","017",2015,"PVEM",1212,18,"22017_2015",30673,5279,8382,710,0
"22018_2015","22","018",2015,"PNA",625,0,"22018_2015",13168,1826,2380,1022,0
"24001_2015","24","001",2015,"PRD_PT_PNA",239,1,"24001_2015",9226,2856,1868,3498,0
"24002_2015","24","002",2015,"PAN_PT",96,1,"24002_2015",4267,2170,2017,0,0
"24003_2015","24","003",2015,"PRI_PVEM_PNA",875,7,"24003_2015",21888,0,10745,0,10316
"24004_2015","24","004",2015,"PRI_PVEM_PNA",87,0,"24004_2015",2678,679,1875,0,0
"24005_2015","24","005",2015,"PAN_PT_PMC",177,0,"24005_2015",8656,4976,3023,290,0
"24006_2015","24","006",2015,"PAN_PT",126,0,"24006_2015",4857,2679,1944,0,0
"24007_2015","24","007",2015,"PRI_PVEM",153,1,"24007_2015",7718,2831,3873,0,0
"24008_2015","24","008",2015,"PAN",218,3,"24008_2015",9830,3258,2354,255,0
"24009_2015","24","009",2015,"PRI_PNA",69,7,"24009_2015",2634,836,1211,162,0
"24010_2015","24","010",2015,"PRI_PVEM_PNA",286,1,"24010_2015",9083,0,6511,2292,0
"24011_2015","24","011",2015,"PRI",528,13,"24011_2015",18321,3614,4858,1379,0
"24012_2015","24","012",2015,"PRI_PVEM_PNA",337,0,"24012_2015",9662,3957,4749,803,0
"24013_2015","24","013",2015,"PRI_PVEM_PNA",1850,60,"24013_2015",55943,18186,22356,8854,0
"24014_2015","24","014",2015,"PRI_PVEM_PNA",380,0,"24014_2015",8054,0,3194,0,2643
"24015_2015","24","015",2015,"PRI_PVEM_PNA",266,0,"24015_2015",8116,2993,3289,0,0
"24016_2015","24","016",2015,"PAN",407,10,"24016_2015",17808,7577,6544,1830,0
"24017_2015","24","017",2015,"PRI_PNA",553,1,"24017_2015",12551,1597,4936,83,0
"24018_2015","24","018",2015,"PVEM",442,0,"24018_2015",6887,1135,2281,0,0
"24019_2015","24","019",2015,"PRI_PNA",116,0,"24019_2015",3058,968,971,149,0
"24020_2015","24","020",2015,"PRI_PVEM_PNA",740,23,"24020_2015",31075,5955,19319,267,0
"24021_2015","24","021",2015,"PRD_PMC",813,9,"24021_2015",24228,4844,6506,11713,0
"24022_2015","24","022",2015,"PAN",281,1,"24022_2015",8823,2407,838,918,0
"24023_2015","24","023",2015,"PAN",255,1,"24023_2015",7242,4136,3106,0,0
"24024_2015","24","024",2015,"PAN",1390,16,"24024_2015",36566,17579,11346,2781,0
"24025_2015","24","025",2015,"PRI_PNA",353,3,"24025_2015",12679,1579,4689,1862,0
"24026_2015","24","026",2015,"PAN",137,1,"24026_2015",4995,2699,2046,127,0
"24027_2015","24","027",2015,"PAN",135,6,"24027_2015",5017,2693,2324,0,0
"24028_2015","24","028",2015,"PRD_PT",9659,1199,"24028_2015",273539,81668,35487,131500,0
"24029_2015","24","029",2015,"PRD_PT_PCP_PMC",291,8,"24029_2015",11431,4047,1721,5580,0
"24030_2015","24","030",2015,"Morena",121,0,"24030_2015",3208,478,466,239,0
"24031_2015","24","031",2015,"PAN",195,3,"24031_2015",8360,4141,4097,122,0
"24032_2015","24","032",2015,"PRD_PT_PMC_PNA",189,1,"24032_2015",5135,1087,1844,2204,0
"24033_2015","24","033",2015,"PRI",518,5,"24033_2015",18336,4156,6248,4674,0
"24034_2015","24","034",2015,"PRD_PVEM_PCP",110,1,"24034_2015",2827,1267,0,1472,0
"24035_2015","24","035",2015,"PRD_PT",2977,224,"24035_2015",83807,14011,11142,50178,0
"24036_2015","24","036",2015,"PRI_PVEM_PNA",377,1,"24036_2015",13918,0,7148,0,6631
"24037_2015","24","037",2015,"PRI_PNA",2083,4,"24037_2015",37141,13450,14947,1892,0
"24038_2015","24","038",2015,"PRD",202,0,"24038_2015",8876,1955,2914,3350,0
"24039_2015","24","039",2015,"PNA",251,0,"24039_2015",6407,503,893,1251,0
"24040_2015","24","040",2015,"PRI_PVEM_PNA",419,6,"24040_2015",14348,3029,5316,4851,0
"24041_2015","24","041",2015,"PRD_PCP",309,0,"24041_2015",9447,1530,1730,2604,0
"24042_2015","24","042",2015,"PRI",153,1,"24042_2015",7477,0,3408,0,2488
"24044_2015","24","044",2015,"PRD",94,0,"24044_2015",3619,854,361,1128,0
"24045_2015","24","045",2015,"PVEM",262,2,"24045_2015",7411,1780,1135,1743,0
"24046_2015","24","046",2015,"PRI",222,0,"24046_2015",7440,1722,2678,587,0
"24047_2015","24","047",2015,"PRI",204,6,"24047_2015",8898,0,4377,0,3476
"24048_2015","24","048",2015,"PRI",161,0,"24048_2015",4680,266,1991,0,0
"24049_2015","24","049",2015,"PRI",60,1,"24049_2015",2412,474,735,0,0
"24050_2015","24","050",2015,"PRI",332,0,"24050_2015",17164,1892,6215,5918,0
"24051_2015","24","051",2015,"PRI_PVEM",607,5,"24051_2015",20741,1552,11354,878,0
"24052_2015","24","052",2015,"PRI_PVEM",238,0,"24052_2015",8092,3138,4741,65,0
"24053_2015","24","053",2015,"PAN",153,0,"24053_2015",5295,1714,1568,1661,0
"24054_2015","24","054",2015,"PAN_PT_PMC",566,2,"24054_2015",15062,6008,4958,2443,0
"24055_2015","24","055",2015,"PAN",1034,9,"24055_2015",21843,10864,9572,0,0
"24056_2015","24","056",2015,"PT_PMC",383,15,"24056_2015",10949,290,2833,221,0
"24057_2015","24","057",2015,"PAN",195,0,"24057_2015",9922,4267,4058,97,0
"24058_2015","24","058",2015,"PAN",547,0,"24058_2015",13824,5991,3530,579,0
"26001_2015","26","001",2015,"PRI_PVEM_PNA",29,0,"26001_2015",2660,802,1711,0,0
"26002_2015","26","002",2015,"PAN",647,0,"26002_2015",38540,16858,17243,392,0
"26003_2015","26","003",2015,"PRI_PVEM_PNA",244,0,"26003_2015",18520,4962,12595,0,0
"26004_2015","26","004",2015,"PRI_PVEM_PNA",63,0,"26004_2015",6063,1057,3330,1376,0
"26005_2015","26","005",2015,"PRI_PVEM_PNA",9,0,"26005_2015",1577,464,1094,0,0
"26006_2015","26","006",2015,"PRI_PVEM_PNA",29,0,"26006_2015",3400,785,2119,472,0
"26007_2015","26","007",2015,"MC",10,0,"26007_2015",616,202,205,0,0
"26008_2015","26","008",2015,"MC",14,0,"26008_2015",1198,267,567,0,0
"26009_2015","26","009",2015,"PVEM",35,0,"26009_2015",1050,425,30,0,0
"26010_2015","26","010",2015,"PAN",8,0,"26010_2015",1256,387,581,280,0
"26011_2015","26","011",2015,"PRI_PVEM_PNA",21,0,"26011_2015",1600,254,1137,204,0
"26012_2015","26","012",2015,"PRD",275,0,"26012_2015",9762,2548,3073,3354,0
"26013_2015","26","013",2015,"PRI_PVEM_PNA",9,0,"26013_2015",1827,586,1232,0,0
"26014_2015","26","014",2015,"PAN",35,1,"26014_2015",3565,1777,1765,0,0
"26015_2015","26","015",2015,"PRI_PVEM_PNA",7,0,"26015_2015",1615,481,1131,0,0
"26071_2015","26","071",2015,"PRI",216,1,"26071_2015",9363,3165,3880,932,0
"26016_2015","26","016",2015,"PRI_PVEM_PNA",36,0,"26016_2015",3280,693,1613,0,0
"26017_2015","26","017",2015,"PRI",677,0,"26017_2015",27132,8404,12027,274,0
"26018_2015","26","018",2015,"PRI_PVEM_PNA",2738,40,"26018_2015",198626,45760,112580,2083,0
"26019_2015","26","019",2015,"PRI_PVEM_PNA",242,4,"26019_2015",20269,4922,13635,408,0
"26020_2015","26","020",2015,"PAN",44,0,"26020_2015",2707,821,685,21,0
"26022_2015","26","022",2015,"PAN",1,0,"26022_2015",1169,399,769,0,0
"26023_2015","26","023",2015,"PNA",76,1,"26023_2015",3996,413,1321,476,0
"26024_2015","26","024",2015,"PRI_PVEM_PNA",0,0,"26024_2015",1448,471,976,0,0
"26025_2015","26","025",2015,"PRI",576,18,"26025_2015",20326,5809,6323,3954,0
"26026_2015","26","026",2015,"PRI_PVEM_PNA",681,2,"26026_2015",36708,8542,19949,6983,0
"26027_2015","26","027",2015,"PRI",57,0,"26027_2015",4113,710,1795,0,0
"26070_2015","26","070",2015,"MC",0,0,"26070_2015",5571,175,1422,1645,0
"26028_2015","26","028",2015,"PRI",2,0,"26028_2015",1016,459,557,0,0
"26029_2015","26","029",2015,"PAN",1300,31,"26029_2015",71751,22251,37368,1558,0
"26030_2015","26","030",2015,"PRI_PVEM_PNA",6298,198,"26030_2015",406074,100723,264652,3654,0
"26031_2015","26","031",2015,"PAN",8,0,"26031_2015",1259,488,764,0,0
"26032_2015","26","032",2015,"PRI",0,0,"26032_2015",1296,460,836,0,0
"26033_2015","26","033",2015,"PRI_PVEM_PNA",714,6,"26033_2015",54432,14334,34132,4437,0
"26034_2015","26","034",2015,"PAN",15,0,"26034_2015",1518,570,920,0,0
"26035_2015","26","035",2015,"PAN",90,0,"26035_2015",7044,2533,3510,94,0
"26021_2015","26","021",2015,"PRD",38,0,"26021_2015",1977,418,536,543,0
"26036_2015","26","036",2015,"PRI_PVEM_PNA",245,0,"26036_2015",19499,3238,14482,1225,0
"26037_2015","26","037",2015,"PRI_PVEM_PNA",19,0,"26037_2015",1686,381,878,75,0
"26038_2015","26","038",2015,"PRI_PVEM_PNA",21,0,"26038_2015",4626,1498,3010,0,0
"26039_2015","26","039",2015,"PAN",49,0,"26039_2015",4296,1525,2634,0,0
"26040_2015","26","040",2015,"PAN",10,0,"26040_2015",1770,601,1166,0,0
"26041_2015","26","041",2015,"PRI_PVEM_PNA",68,0,"26041_2015",7939,2077,4681,878,0
"26042_2015","26","042",2015,"PAN",1660,28,"26042_2015",60368,33173,20943,1989,0
"26043_2015","26","043",2015,"PAN",1276,21,"26043_2015",90552,24837,42660,611,0
"26044_2015","26","044",2015,"PAN",5,0,"26044_2015",752,318,304,0,0
"26045_2015","26","045",2015,"PAN",49,0,"26045_2015",2073,608,876,0,0
"26046_2015","26","046",2015,"PRI",2,0,"26046_2015",450,165,285,0,0
"26047_2015","26","047",2015,"PRI_PVEM_PNA",62,1,"26047_2015",5757,1042,3354,309,0
"26048_2015","26","048",2015,"PAN",438,3,"26048_2015",22509,12853,8197,160,0
"26049_2015","26","049",2015,"PAN",28,0,"26049_2015",3467,1308,2014,31,0
"26050_2015","26","050",2015,"PRI_PVEM_PNA",14,0,"26050_2015",2520,729,1759,0,0
"26051_2015","26","051",2015,"PRI_PVEM_PNA",41,0,"26051_2015",4852,1561,3258,0,0
"26052_2015","26","052",2015,"PRI_PVEM_PNA",45,1,"26052_2015",5012,1199,3653,0,0
"26053_2015","26","053",2015,"PAN",7,0,"26053_2015",641,217,419,0,0
"26072_2015","26","072",2015,"PRI",158,1,"26072_2015",6715,975,2265,634,0
"26054_2015","26","054",2015,"PRI",4,0,"26054_2015",677,42,326,309,0
"26055_2015","26","055",2015,"PAN",1554,72,"26055_2015",48892,21923,15088,819,0
"26056_2015","26","056",2015,"PAN",99,1,"26056_2015",3728,981,1680,198,0
"26057_2015","26","057",2015,"PRI",7,0,"26057_2015",1722,749,973,0,0
"26058_2015","26","058",2015,"PRI_PVEM_PNA",114,0,"26058_2015",11427,2761,7826,0,0
"26059_2015","26","059",2015,"PAN",12,0,"26059_2015",920,325,317,265,0
"26060_2015","26","060",2015,"PVEM",36,0,"26060_2015",1342,198,469,0,0
"26061_2015","26","061",2015,"PAN",33,0,"26061_2015",1699,698,403,0,0
"26062_2015","26","062",2015,"PRI",6,0,"26062_2015",1188,513,675,0,0
"26063_2015","26","063",2015,"PAN",24,0,"26063_2015",1077,587,488,2,0
"26064_2015","26","064",2015,"PRI_PVEM_PNA",11,0,"26064_2015",2042,638,1395,0,0
"26065_2015","26","065",2015,"PRI",7,0,"26065_2015",1090,336,528,0,0
"26066_2015","26","066",2015,"PRI_PVEM_PNA",197,0,"26066_2015",8247,1381,4038,1272,0
"26067_2015","26","067",2015,"MC",31,0,"26067_2015",1553,210,605,350,0
"26068_2015","26","068",2015,"PRI_PVEM_PNA",14,0,"26068_2015",2157,667,1111,0,0
"26069_2015","26","069",2015,"PRI_PVEM_PNA",55,0,"26069_2015",5380,1326,3977,66,0
"27001_2015","27","001",2015,"PRD_PVEM",638,0,"27001_2015",38288,5749,5085,22164,0
"27002_2015","27","002",2015,"PRD_PVEM",2239,440,"27002_2015",116718,2428,26892,55156,0
"27003_2015","27","003",2015,"PRI",1701,13,"27003_2015",53855,2262,13007,21420,0
"27005_2015","27","005",2015,"Morena",1952,14,"27005_2015",118040,604,24447,56318,0
"27006_2015","27","006",2015,"PRD",1618,7,"27006_2015",49108,295,8972,14600,0
"27007_2015","27","007",2015,"PVEM",270,0,"27007_2015",15887,378,3045,2254,0
"27008_2015","27","008",2015,"PRD",2269,27,"27008_2015",79233,317,29182,38040,0
"27009_2015","27","009",2015,"PRD_PVEM",596,1,"27009_2015",24980,115,6120,15833,0
"27010_2015","27","010",2015,"PRD_PVEM",989,1,"27010_2015",49869,771,10535,22322,0
"27011_2015","27","011",2015,"PRD_PVEM",291,0,"27011_2015",22344,23,4493,11102,0
"27012_2015","27","012",2015,"PRI",1850,28,"27012_2015",54678,633,13612,10765,0
"27013_2015","27","013",2015,"PAN",1626,14,"27013_2015",46378,16320,10254,5339,0
"27014_2015","27","014",2015,"PRD_PVEM",787,24,"27014_2015",52172,10741,10375,23608,0
"27015_2015","27","015",2015,"PRI",673,6,"27015_2015",27489,71,7400,12475,0
"27016_2015","27","016",2015,"PVEM",523,5,"27016_2015",22231,268,6263,7374,0
"27017_2015","27","017",2015,"PRI",613,3,"27017_2015",34795,182,11762,19512,0
"31001_2015","31","001",2015,"PRI",29,0,"31001_2015",4084,1594,1828,31,0
"31002_2015","31","002",2015,"PNA",156,0,"31002_2015",9094,1951,2537,236,0
"31003_2015","31","003",2015,"PRI",70,0,"31003_2015",6078,866,2636,2514,0
"31004_2015","31","004",2015,"PRI",36,0,"31004_2015",3726,512,1983,4,0
"31005_2015","31","005",2015,"PRI",12,0,"31005_2015",1748,213,1001,532,0
"31006_2015","31","006",2015,"PAN",49,0,"31006_2015",5602,2851,2680,0,0
"31007_2015","31","007",2015,"PRI",49,1,"31007_2015",4415,1876,2096,435,0
"31008_2015","31","008",2015,"PRI",18,0,"31008_2015",2880,1298,1550,0,0
"31009_2015","31","009",2015,"PRI",18,0,"31009_2015",3017,1164,1221,149,0
"31010_2015","31","010",2015,"PAN",6,0,"31010_2015",1545,821,697,0,0
"31011_2015","31","011",2015,"PRI",65,0,"31011_2015",4188,267,2244,1567,0
"31012_2015","31","012",2015,"PRI",15,0,"31012_2015",2544,1050,1483,0,0
"31016_2015","31","016",2015,"PRI",10,0,"31016_2015",1841,786,1049,0,0
"31017_2015","31","017",2015,"PRI",11,0,"31017_2015",3089,1209,1876,3,0
"31018_2015","31","018",2015,"PRI",20,0,"31018_2015",2535,1237,1286,0,0
"31019_2015","31","019",2015,"PAN",148,5,"31019_2015",17544,8775,8401,62,0
"31021_2015","31","021",2015,"PRI",29,0,"31021_2015",4997,2150,2753,23,0
"31020_2015","31","020",2015,"PAN",28,0,"31020_2015",2745,1357,1352,0,0
"31022_2015","31","022",2015,"PRI",1,0,"31022_2015",2555,1136,1418,0,0
"31023_2015","31","023",2015,"PRI",53,0,"31023_2015",2939,1156,1752,0,0
"31024_2015","31","024",2015,"PRI",5,0,"31024_2015",2251,1065,1181,0,0
"31013_2015","31","013",2015,"PAN",84,1,"31013_2015",5578,2633,2597,0,0
"31014_2015","31","014",2015,"PRI",8,0,"31014_2015",1276,463,752,0,0
"31015_2015","31","015",2015,"PRI",47,0,"31015_2015",3017,1006,1302,675,0
"31025_2015","31","025",2015,"PAN",30,0,"31025_2015",3249,1364,967,883,0
"31026_2015","31","026",2015,"PAN",17,0,"31026_2015",2670,1379,1286,0,0
"31027_2015","31","027",2015,"PAN",52,0,"31027_2015",5205,2703,2327,0,0
"31028_2015","31","028",2015,"PRI",18,0,"31028_2015",1768,763,999,0,0
"31029_2015","31","029",2015,"PRI",47,0,"31029_2015",3998,1645,2277,0,0
"31030_2015","31","030",2015,"PAN",7,0,"31030_2015",2461,1246,1167,12,0
"31031_2015","31","031",2015,"PRI",4,0,"31031_2015",2558,1191,1356,0,0
"31032_2015","31","032",2015,"PRI",90,0,"31032_2015",8156,3498,3961,0,0
"31033_2015","31","033",2015,"PRI",129,0,"31033_2015",12334,4937,5127,166,0
"31034_2015","31","034",2015,"PRI",51,0,"31034_2015",3652,1240,1759,404,0
"31035_2015","31","035",2015,"PRD",29,0,"31035_2015",3923,185,1799,1925,0
"31036_2015","31","036",2015,"PRI",156,0,"31036_2015",4656,216,3229,1129,0
"31037_2015","31","037",2015,"PRI",18,0,"31037_2015",3252,1591,1639,11,0
"31038_2015","31","038",2015,"PAN",245,0,"31038_2015",16431,6671,5445,625,0
"31039_2015","31","039",2015,"PRI",24,0,"31039_2015",2399,1140,1167,0,0
"31040_2015","31","040",2015,"PRI",247,2,"31040_2015",15744,7403,8103,0,0
"31041_2015","31","041",2015,"PRI",1214,19,"31041_2015",29345,10030,15470,1458,0
"31042_2015","31","042",2015,"PAN",45,0,"31042_2015",3293,1341,1281,621,0
"31043_2015","31","043",2015,"PRI",5,0,"31043_2015",1974,879,1024,0,0
"31044_2015","31","044",2015,"PRI",60,1,"31044_2015",4244,1320,1787,39,0
"31045_2015","31","045",2015,"PRI",45,0,"31045_2015",1479,116,1317,1,0
"31046_2015","31","046",2015,"PRI",22,0,"31046_2015",2177,145,1103,921,0
"31047_2015","31","047",2015,"PAN",23,0,"31047_2015",3619,2117,1496,0,0
"31048_2015","31","048",2015,"PVEM",307,1,"31048_2015",12051,343,5554,68,0
"31049_2015","31","049",2015,"PRI",6,0,"31049_2015",2143,996,1145,0,0
"31050_2015","31","050",2015,"PAN",9813,292,"31050_2015",371698,169651,145919,3834,0
"31051_2015","31","051",2015,"PRI",25,0,"31051_2015",2261,1043,1187,0,0
"31052_2015","31","052",2015,"PAN",334,4,"31052_2015",18794,7474,5745,201,0
"31053_2015","31","053",2015,"PAN",79,0,"31053_2015",7136,3541,3364,23,0
"31054_2015","31","054",2015,"PNA",16,0,"31054_2015",1994,358,782,0,0
"31055_2015","31","055",2015,"PAN",59,0,"31055_2015",3693,2251,1261,0,0
"31056_2015","31","056",2015,"PRI",236,10,"31056_2015",15926,3057,5922,4883,0
"31057_2015","31","057",2015,"PRI",38,1,"31057_2015",4717,2192,2489,0,0
"31058_2015","31","058",2015,"PAN",0,0,"31058_2015",12003,5887,5134,676,0
"31059_2015","31","059",2015,"PNA",931,29,"31059_2015",23248,2513,8323,820,0
"31060_2015","31","060",2015,"PRI",5,0,"31060_2015",926,439,483,0,0
"31061_2015","31","061",2015,"PRI",21,0,"31061_2015",2410,1039,1348,0,0
"31062_2015","31","062",2015,"PRI",37,0,"31062_2015",3136,1076,1388,3,0
"31063_2015","31","063",2015,"PRI",55,0,"31063_2015",3301,212,1768,1312,0
"31065_2015","31","065",2015,"PRI",15,0,"31065_2015",1540,612,920,0,0
"31064_2015","31","064",2015,"PRI",5,1,"31064_2015",1278,568,704,0,0
"31066_2015","31","066",2015,"PRI",18,0,"31066_2015",2388,1080,1299,0,0
"31067_2015","31","067",2015,"PRI",0,0,"31067_2015",5880,1602,2032,1236,0
"31068_2015","31","068",2015,"PRI",25,0,"31068_2015",2118,821,988,43,0
"31069_2015","31","069",2015,"PRI",92,0,"31069_2015",4363,650,1869,1662,0
"31070_2015","31","070",2015,"PRI",24,0,"31070_2015",2566,1199,1359,0,0
"31071_2015","31","071",2015,"PRI",15,0,"31071_2015",1360,407,504,26,0
"31072_2015","31","072",2015,"PRI",21,0,"31072_2015",1376,13,857,504,0
"31073_2015","31","073",2015,"PRI",15,0,"31073_2015",2318,78,1184,1049,0
"31074_2015","31","074",2015,"PVEM",32,0,"31074_2015",2618,140,1150,0,0
"31075_2015","31","075",2015,"PRI",38,0,"31075_2015",3804,1269,2490,0,0
"31076_2015","31","076",2015,"PRI",174,0,"31076_2015",9658,3746,5258,95,0
"31077_2015","31","077",2015,"PAN",17,0,"31077_2015",1906,990,779,69,0
"31078_2015","31","078",2015,"PRI",15,0,"31078_2015",2650,1216,1417,0,0
"31079_2015","31","079",2015,"PRI",364,1,"31079_2015",21304,3322,9790,7488,0
"31080_2015","31","080",2015,"PAN",50,0,"31080_2015",6767,3487,3238,5,0
"31081_2015","31","081",2015,"PRI",6,0,"31081_2015",2357,1132,1203,0,0
"31082_2015","31","082",2015,"PRI",19,16,"31082_2015",2357,648,1669,0,0
"31083_2015","31","083",2015,"PNA",30,0,"31083_2015",1449,391,405,0,0
"31084_2015","31","084",2015,"PAN",34,0,"31084_2015",4784,3119,1661,0,0
"31085_2015","31","085",2015,"PRI",103,0,"31085_2015",8661,1726,2945,1802,0
"31086_2015","31","086",2015,"PRD",12,0,"31086_2015",1332,21,612,697,0
"31087_2015","31","087",2015,"PRI",47,0,"31087_2015",3048,493,1332,1087,0
"31088_2015","31","088",2015,"PRI",59,0,"31088_2015",1133,55,819,233,0
"31089_2015","31","089",2015,"PRI",322,6,"31089_2015",19840,8542,10180,9,0
"31090_2015","31","090",2015,"PRI",31,0,"31090_2015",4416,1871,2380,114,0
"31091_2015","31","091",2015,"PRI",58,0,"31091_2015",6672,2856,3175,530,0
"31092_2015","31","092",2015,"PRI",31,0,"31092_2015",3707,1514,2167,0,0
"31093_2015","31","093",2015,"PRI",0,0,"31093_2015",10430,3896,5214,65,0
"31094_2015","31","094",2015,"PRI",15,0,"31094_2015",3172,50,1784,1323,0
"31095_2015","31","095",2015,"PAN",30,0,"31095_2015",3620,1245,1196,395,0
"31096_2015","31","096",2015,"PRI",764,18,"31096_2015",34538,13268,18642,388,0
"31097_2015","31","097",2015,"PAN",15,0,"31097_2015",2440,1311,1006,112,0
"31098_2015","31","098",2015,"PRI",108,0,"31098_2015",7505,1491,3095,2814,0
"31099_2015","31","099",2015,"PAN",22,0,"31099_2015",2369,1106,1048,202,0
"31100_2015","31","100",2015,"PRI",50,0,"31100_2015",2066,965,1027,0,0
"31101_2015","31","101",2015,"PAN",1050,6,"31101_2015",23081,11832,9518,740,0
"31102_2015","31","102",2015,"Morena",701,30,"31102_2015",33475,5743,10937,3527,0
"31103_2015","31","103",2015,"PRD",29,0,"31103_2015",2107,179,893,976,0
"31104_2015","31","104",2015,"PRI",50,0,"31104_2015",7087,2999,3991,33,0
"31105_2015","31","105",2015,"PVEM",22,0,"31105_2015",1997,22,892,23,0
"31106_2015","31","106",2015,"PAN",15,0,"31106_2015",1489,699,680,0,0
